"rgn_id","taxa_code","year","tonnes"
7,"Elkhorn sea moss_1",2002,4.9302
7,"Elkhorn sea moss_1",2003,166.8051
7,"Elkhorn sea moss_1",2004,579.90108
7,"Elkhorn sea moss_1",2005,970.83855
7,"Elkhorn sea moss_1",2006,1247.66928
7,"Elkhorn sea moss_1",2007,1343.31516
7,"Elkhorn sea moss_1",2008,1229.92056
7,"Elkhorn sea moss_1",2009,1521.62406
7,"Elkhorn sea moss_1",2010,2702.89998
7,"Elkhorn sea moss_1",2011,4007.75958
7,"Elkhorn sea moss_1",2012,5205.63384
7,"Elkhorn sea moss_1",2013,6804.4977
7,"Elkhorn sea moss_1",2014,7843.61952
7,"Elkhorn sea moss_1",2015,8867.12904
7,"Elkhorn sea moss_1",2016,9604.52262
7,"Elkhorn sea moss_1",2017,8159.97402
7,"Elkhorn sea moss_1",2018,6795.459
9,"Eucheuma seaweeds nei_2",1985,63.495
9,"Eucheuma seaweeds nei_2",1986,32.121
9,"Eucheuma seaweeds nei_2",1987,21.663
9,"Eucheuma seaweeds nei_2",1988,16.434
9,"Eucheuma seaweeds nei_2",1989,0.747
9,"Eucheuma seaweeds nei_2",1990,0.56025
9,"Eucheuma seaweeds nei_2",1991,0.3735
9,"Eucheuma seaweeds nei_2",1992,0.18675
9,"Eucheuma seaweeds nei_2",1993,0
9,"Eucheuma seaweeds nei_2",1994,0
9,"Eucheuma seaweeds nei_2",1995,0
9,"Eucheuma seaweeds nei_2",1996,0
9,"Eucheuma seaweeds nei_2",1997,0
9,"Eucheuma seaweeds nei_2",1998,0
9,"Eucheuma seaweeds nei_2",1999,0
9,"Eucheuma seaweeds nei_2",2000,0
9,"Eucheuma seaweeds nei_2",2001,0
9,"Eucheuma seaweeds nei_2",2002,0
9,"Eucheuma seaweeds nei_2",2003,0
9,"Eucheuma seaweeds nei_2",2004,0
9,"Eucheuma seaweeds nei_2",2005,0
9,"Eucheuma seaweeds nei_2",2006,0
9,"Eucheuma seaweeds nei_2",2007,0
9,"Eucheuma seaweeds nei_2",2008,0
9,"Eucheuma seaweeds nei_2",2009,0
9,"Eucheuma seaweeds nei_2",2010,0
9,"Eucheuma seaweeds nei_2",2011,0
9,"Eucheuma seaweeds nei_2",2012,0
9,"Eucheuma seaweeds nei_2",2013,0
9,"Eucheuma seaweeds nei_2",2014,0
9,"Eucheuma seaweeds nei_2",2015,0
9,"Eucheuma seaweeds nei_2",2016,0
9,"Eucheuma seaweeds nei_2",2017,0
9,"Eucheuma seaweeds nei_2",2018,0
14,"Laver (Nori)_3",1982,0.0871
14,"Laver (Nori)_3",1983,0.04355
14,"Laver (Nori)_3",1984,0.1742
14,"Laver (Nori)_3",1985,0.2345
14,"Laver (Nori)_3",1986,0.32495
14,"Laver (Nori)_3",1987,0.39865
14,"Laver (Nori)_3",1988,0.3752
14,"Laver (Nori)_3",1989,0.3551
14,"Laver (Nori)_3",1990,0.2814
14,"Laver (Nori)_3",1991,0.242875
14,"Laver (Nori)_3",1992,0.18425
14,"Laver (Nori)_3",1993,0.11055
14,"Laver (Nori)_3",1994,0.092125
14,"Laver (Nori)_3",1995,0.068675
14,"Laver (Nori)_3",1996,0.05695
14,"Laver (Nori)_3",1997,0.05695
14,"Laver (Nori)_3",1998,0.04355
14,"Laver (Nori)_3",1999,0.03685
14,"Laver (Nori)_3",2000,0.0536
14,"Laver (Nori)_3",2001,0.072025
14,"Laver (Nori)_3",2002,0.105525
14,"Laver (Nori)_3",2003,0.1407
14,"Laver (Nori)_3",2004,0.1206
14,"Laver (Nori)_3",2005,0.102175
14,"Laver (Nori)_3",2006,0.07035
14,"Laver (Nori)_3",2007,0.04355
14,"Laver (Nori)_3",2008,0.061975
14,"Laver (Nori)_3",2009,0.051925
14,"Laver (Nori)_3",2010,0.04355
14,"Laver (Nori)_3",2011,0.0594625
14,"Laver (Nori)_3",2012,0.0594625
14,"Laver (Nori)_3",2013,0.0996625
14,"Laver (Nori)_3",2014,0.1365125
14,"Laver (Nori)_3",2015,0.118925
14,"Laver (Nori)_3",2016,0.118925
14,"Laver (Nori)_3",2017,0.497475
14,"Laver (Nori)_3",2018,0.46565
14,"Seaweeds nei_4",1968,3.3615
14,"Seaweeds nei_4",1969,1.743
14,"Seaweeds nei_4",1970,1.2035
14,"Seaweeds nei_4",1971,0.964875
14,"Seaweeds nei_4",1972,0.1245
14,"Seaweeds nei_4",1973,8.466
14,"Seaweeds nei_4",1974,20.137875
14,"Seaweeds nei_4",1975,50.298
14,"Seaweeds nei_4",1976,71.463
14,"Seaweeds nei_4",1977,79.026375
14,"Seaweeds nei_4",1978,76.00725
14,"Seaweeds nei_4",1979,49.893375
14,"Seaweeds nei_4",1980,30.56475
14,"Seaweeds nei_4",1981,15.842625
14,"Seaweeds nei_4",1982,7.314375
14,"Seaweeds nei_4",1983,6.41175
14,"Seaweeds nei_4",1984,4.731
14,"Seaweeds nei_4",1985,3.517125
14,"Seaweeds nei_4",1986,3.42375
14,"Seaweeds nei_4",1987,1.836375
14,"Seaweeds nei_4",1988,2.241
14,"Seaweeds nei_4",1989,2.241
14,"Seaweeds nei_4",1990,2.209875
14,"Seaweeds nei_4",1991,0.653625
14,"Seaweeds nei_4",1992,0.093375
14,"Seaweeds nei_4",1993,0.093375
14,"Seaweeds nei_4",1994,0.06225
14,"Seaweeds nei_4",1995,0
14,"Seaweeds nei_4",1996,0
14,"Seaweeds nei_4",1997,0
14,"Seaweeds nei_4",1998,0
14,"Seaweeds nei_4",1999,0
14,"Seaweeds nei_4",2000,0
14,"Seaweeds nei_4",2001,0
14,"Seaweeds nei_4",2002,0
14,"Seaweeds nei_4",2003,0
14,"Seaweeds nei_4",2004,0
14,"Seaweeds nei_4",2005,0.06225
14,"Seaweeds nei_4",2006,0.06225
14,"Seaweeds nei_4",2007,0.06225
14,"Seaweeds nei_4",2008,0.06225
14,"Seaweeds nei_4",2009,0
14,"Seaweeds nei_4",2010,0
14,"Seaweeds nei_4",2011,0
14,"Seaweeds nei_4",2012,0
14,"Seaweeds nei_4",2013,0
14,"Seaweeds nei_4",2014,0
14,"Seaweeds nei_4",2015,0
14,"Seaweeds nei_4",2016,0
14,"Seaweeds nei_4",2017,0
14,"Seaweeds nei_4",2018,0
14,"Warty gracilaria_5",1954,78.85
14,"Warty gracilaria_5",1955,78.85
14,"Warty gracilaria_5",1956,78.85
14,"Warty gracilaria_5",1957,78.85
14,"Warty gracilaria_5",1958,78.85
14,"Warty gracilaria_5",1959,78.85
14,"Warty gracilaria_5",1960,78.85
14,"Warty gracilaria_5",1961,80.82125
14,"Warty gracilaria_5",1962,82.004
14,"Warty gracilaria_5",1963,82.7925
14,"Warty gracilaria_5",1964,78.0615
14,"Warty gracilaria_5",1965,72.14775
14,"Warty gracilaria_5",1966,168.147625
14,"Warty gracilaria_5",1967,354.233625
14,"Warty gracilaria_5",1968,832.064625
14,"Warty gracilaria_5",1969,1161.4605
14,"Warty gracilaria_5",1970,1349.320625
14,"Warty gracilaria_5",1971,1520.228
14,"Warty gracilaria_5",1972,1667.086125
14,"Warty gracilaria_5",1973,2316.810125
14,"Warty gracilaria_5",1974,3189.08825
14,"Warty gracilaria_5",1975,3923.97025
14,"Warty gracilaria_5",1976,4632.04325
14,"Warty gracilaria_5",1977,4978.391875
14,"Warty gracilaria_5",1978,6147.343125
14,"Warty gracilaria_5",1979,7211.818125
14,"Warty gracilaria_5",1980,7760.614125
14,"Warty gracilaria_5",1981,8522.8965
14,"Warty gracilaria_5",1982,8088.630125
14,"Warty gracilaria_5",1983,7886.379875
14,"Warty gracilaria_5",1984,7967.201125
14,"Warty gracilaria_5",1985,7829.41075
14,"Warty gracilaria_5",1986,7732.42525
14,"Warty gracilaria_5",1987,6827.6215
14,"Warty gracilaria_5",1988,6143.006375
14,"Warty gracilaria_5",1989,5881.81575
14,"Warty gracilaria_5",1990,6146.948875
14,"Warty gracilaria_5",1991,6898.389375
14,"Warty gracilaria_5",1992,7780.720875
14,"Warty gracilaria_5",1993,7638.1995
14,"Warty gracilaria_5",1994,6761.584625
14,"Warty gracilaria_5",1995,6567.4165
14,"Warty gracilaria_5",1996,6348.60775
14,"Warty gracilaria_5",1997,7265.63325
14,"Warty gracilaria_5",1998,8973.13
14,"Warty gracilaria_5",1999,10366.80375
14,"Warty gracilaria_5",2000,10642.975875
14,"Warty gracilaria_5",2001,10846.21175
14,"Warty gracilaria_5",2002,11234.94225
14,"Warty gracilaria_5",2003,10616.955375
14,"Warty gracilaria_5",2004,10175.395375
14,"Warty gracilaria_5",2005,7964.835625
14,"Warty gracilaria_5",2006,5836.87125
14,"Warty gracilaria_5",2007,5283.34425
14,"Warty gracilaria_5",2008,4844.93825
14,"Warty gracilaria_5",2009,5237.217
14,"Warty gracilaria_5",2010,5029.250125
14,"Warty gracilaria_5",2011,4139.0927625
14,"Warty gracilaria_5",2012,3472.2188875
14,"Warty gracilaria_5",2013,3240.9912625
14,"Warty gracilaria_5",2014,2461.9532625
14,"Warty gracilaria_5",2015,1627.85825
14,"Warty gracilaria_5",2016,1030.96375
14,"Warty gracilaria_5",2017,514.220275
14,"Warty gracilaria_5",2018,465.12235125
14,"Warty gracilaria_6",1984,43.3675
14,"Warty gracilaria_6",1985,42.579
14,"Warty gracilaria_6",1986,34.9568333333333
14,"Warty gracilaria_6",1987,27.99175
14,"Warty gracilaria_6",1988,18.924
14,"Warty gracilaria_6",1989,133.65075
14,"Warty gracilaria_6",1990,141.1415
14,"Warty gracilaria_6",1991,145.084
14,"Warty gracilaria_6",1992,143.309875
14,"Warty gracilaria_6",1993,18.1355
14,"Warty gracilaria_6",1994,5.91375
14,"Warty gracilaria_6",1995,0.197125
14,"Warty gracilaria_6",1996,0.197125
14,"Warty gracilaria_6",1997,0.197125
14,"Warty gracilaria_6",1998,0
14,"Warty gracilaria_6",1999,0
14,"Warty gracilaria_6",2000,233.593125
14,"Warty gracilaria_6",2001,628.631625
14,"Warty gracilaria_6",2002,635.92525
14,"Warty gracilaria_6",2003,643.218875
14,"Warty gracilaria_6",2004,423.81875
14,"Warty gracilaria_6",2005,36.073875
14,"Warty gracilaria_6",2006,28.977375
14,"Warty gracilaria_6",2007,21.880875
14,"Warty gracilaria_6",2008,7.687875
14,"Warty gracilaria_6",2009,0.39425
14,"Warty gracilaria_6",2010,0.197125
14,"Warty gracilaria_6",2011,0
14,"Warty gracilaria_6",2012,0
14,"Warty gracilaria_6",2013,0
14,"Warty gracilaria_6",2014,0
14,"Warty gracilaria_6",2015,0
14,"Warty gracilaria_6",2016,0
14,"Warty gracilaria_6",2017,0
14,"Warty gracilaria_6",2018,0
15,"Caulerpa seaweeds_7",1950,1.5355
15,"Caulerpa seaweeds_7",1951,1.63095
15,"Caulerpa seaweeds_7",1952,1.73193333333333
15,"Caulerpa seaweeds_7",1953,1.840525
15,"Caulerpa seaweeds_7",1954,2.064625
15,"Caulerpa seaweeds_7",1955,2.313625
15,"Caulerpa seaweeds_7",1956,2.59375
15,"Caulerpa seaweeds_7",1957,2.907075
15,"Caulerpa seaweeds_7",1958,3.25775
15,"Caulerpa seaweeds_7",1959,3.649925
15,"Caulerpa seaweeds_7",1960,4.089825
15,"Caulerpa seaweeds_7",1961,4.583675
15,"Caulerpa seaweeds_7",1962,5.135625
15,"Caulerpa seaweeds_7",1963,5.75605
15,"Caulerpa seaweeds_7",1964,6.451175
15,"Caulerpa seaweeds_7",1965,7.2293
15,"Caulerpa seaweeds_7",1966,8.102875
15,"Caulerpa seaweeds_7",1967,9.082275
15,"Caulerpa seaweeds_7",1968,10.17995
15,"Caulerpa seaweeds_7",1969,11.410425
15,"Caulerpa seaweeds_7",1970,12.788225
15,"Caulerpa seaweeds_7",1971,14.332025
15,"Caulerpa seaweeds_7",1972,16.062575
15,"Caulerpa seaweeds_7",1973,18.0027
15,"Caulerpa seaweeds_7",1974,20.1773
15,"Caulerpa seaweeds_7",1975,22.61335
15,"Caulerpa seaweeds_7",1976,25.34405
15,"Caulerpa seaweeds_7",1977,28.4026
15,"Caulerpa seaweeds_7",1978,31.832575
15,"Caulerpa seaweeds_7",1979,35.67755
15,"Caulerpa seaweeds_7",1980,44.7453
15,"Caulerpa seaweeds_7",1981,46.7207
15,"Caulerpa seaweeds_7",1982,50.889375
15,"Caulerpa seaweeds_7",1983,56.85085
15,"Caulerpa seaweeds_7",1984,58.546125
15,"Caulerpa seaweeds_7",1985,71.61655
15,"Caulerpa seaweeds_7",1986,79.736025
15,"Caulerpa seaweeds_7",1987,90.770875
15,"Caulerpa seaweeds_7",1988,104.4721
15,"Caulerpa seaweeds_7",1989,114.5234
15,"Caulerpa seaweeds_7",1990,129.121025
15,"Caulerpa seaweeds_7",1991,136.9583
15,"Caulerpa seaweeds_7",1992,148.54925
15,"Caulerpa seaweeds_7",1993,167.321775
15,"Caulerpa seaweeds_7",1994,186.652475
15,"Caulerpa seaweeds_7",1995,159.70445
15,"Caulerpa seaweeds_7",1996,126.859275
15,"Caulerpa seaweeds_7",1997,103.088075
15,"Caulerpa seaweeds_7",1998,107.06585
15,"Caulerpa seaweeds_7",1999,145.891175
15,"Caulerpa seaweeds_7",2000,193.9378
15,"Caulerpa seaweeds_7",2001,217.67995
15,"Caulerpa seaweeds_7",2002,180.5084
15,"Caulerpa seaweeds_7",2003,141.9383
15,"Caulerpa seaweeds_7",2004,92.047
15,"Caulerpa seaweeds_7",2005,48.79155
15,"Caulerpa seaweeds_7",2006,37.6986
15,"Caulerpa seaweeds_7",2007,39.80265
15,"Caulerpa seaweeds_7",2008,39.87735
15,"Caulerpa seaweeds_7",2009,38.98925
15,"Caulerpa seaweeds_7",2010,36.634125
15,"Caulerpa seaweeds_7",2011,36.567725
15,"Caulerpa seaweeds_7",2012,35.820725
15,"Caulerpa seaweeds_7",2013,34.052825
15,"Caulerpa seaweeds_7",2014,27.599575
15,"Caulerpa seaweeds_7",2015,19.453125
15,"Caulerpa seaweeds_7",2016,12.5164
15,"Caulerpa seaweeds_7",2017,8.21285
15,"Caulerpa seaweeds_7",2018,8.2525655
15,"Elkhorn sea moss_8",1965,821.7
15,"Elkhorn sea moss_8",1966,821.7
15,"Elkhorn sea moss_8",1967,821.7
15,"Elkhorn sea moss_8",1968,821.7
15,"Elkhorn sea moss_8",1969,821.7
15,"Elkhorn sea moss_8",1970,821.7
15,"Elkhorn sea moss_8",1971,1232.55
15,"Elkhorn sea moss_8",1972,1643.4
15,"Elkhorn sea moss_8",1973,2465.1
15,"Elkhorn sea moss_8",1974,5546.475
15,"Elkhorn sea moss_8",1975,7806.15
15,"Elkhorn sea moss_8",1976,9654.975
15,"Elkhorn sea moss_8",1977,13287.916125
15,"Elkhorn sea moss_8",1978,25409.83995
15,"Elkhorn sea moss_8",1979,41920.463475
15,"Elkhorn sea moss_8",1980,63722.218725
15,"Elkhorn sea moss_8",1981,74233.815975
15,"Elkhorn sea moss_8",1982,78700.37175
15,"Elkhorn sea moss_8",1983,83484.30915
15,"Elkhorn sea moss_8",1984,85189.33665
15,"Elkhorn sea moss_8",1985,103375.6119
15,"Elkhorn sea moss_8",1986,114367.287375
15,"Elkhorn sea moss_8",1987,130572.64935
15,"Elkhorn sea moss_8",1988,151478.957025
15,"Elkhorn sea moss_8",1989,167246.76375
15,"Elkhorn sea moss_8",1990,189614.875725
15,"Elkhorn sea moss_8",1991,201122.373375
15,"Elkhorn sea moss_8",1992,218143.68345
15,"Elkhorn sea moss_8",1993,242559.471825
15,"Elkhorn sea moss_8",1994,279848.8341
15,"Elkhorn sea moss_8",1995,343414.929825
15,"Elkhorn sea moss_8",1996,410751.80685
15,"Elkhorn sea moss_8",1997,466705.0575
15,"Elkhorn sea moss_8",1998,507489.72615
15,"Elkhorn sea moss_8",1999,526239.6876
15,"Elkhorn sea moss_8",2000,527362.54065
15,"Elkhorn sea moss_8",2001,539218.4391
15,"Elkhorn sea moss_8",2002,572120.53965
15,"Elkhorn sea moss_8",2003,623292.934275
15,"Elkhorn sea moss_8",2004,719861.994225
15,"Elkhorn sea moss_8",2005,831838.54545
15,"Elkhorn sea moss_8",2006,952197.669225
15,"Elkhorn sea moss_8",2007,1054298.619
15,"Elkhorn sea moss_8",2008,1145098.52325
15,"Elkhorn sea moss_8",2009,1224885.1824
15,"Elkhorn sea moss_8",2010,1283219.925075
15,"Elkhorn sea moss_8",2011,1344493.4778
15,"Elkhorn sea moss_8",2012,1355171.05845
15,"Elkhorn sea moss_8",2013,1315549.300725
15,"Elkhorn sea moss_8",2014,1267370.3592
15,"Elkhorn sea moss_8",2015,1218105.951975
15,"Elkhorn sea moss_8",2016,1154989.531575
15,"Elkhorn sea moss_8",2017,1134772.21935
15,"Elkhorn sea moss_8",2018,1128753.044991
15,"Gracilaria seaweeds_9",2002,1022.7675
15,"Gracilaria seaweeds_9",2003,827.3025
15,"Gracilaria seaweeds_9",2004,632.2525
15,"Gracilaria seaweeds_9",2005,650.045625
15,"Gracilaria seaweeds_9",2006,615.808125
15,"Gracilaria seaweeds_9",2007,673.078125
15,"Gracilaria seaweeds_9",2008,998.334375
15,"Gracilaria seaweeds_9",2009,1181.660625
15,"Gracilaria seaweeds_9",2010,1275.346875
15,"Gracilaria seaweeds_9",2011,1343.821875
15,"Gracilaria seaweeds_9",2012,1135.284375
15,"Gracilaria seaweeds_9",2013,1153.336875
15,"Gracilaria seaweeds_9",2014,921.61125
15,"Gracilaria seaweeds_9",2015,688.79625
15,"Gracilaria seaweeds_9",2016,555.8925
15,"Gracilaria seaweeds_9",2017,209.626875
15,"Gracilaria seaweeds_9",2018,141.63275625
15,"Spiny eucheuma_10",1974,2241
15,"Spiny eucheuma_10",1975,2241
15,"Spiny eucheuma_10",1976,2241
15,"Spiny eucheuma_10",1977,2307.483
15,"Spiny eucheuma_10",1978,2449.59975
15,"Spiny eucheuma_10",1979,2676.68775
15,"Spiny eucheuma_10",1980,3355.8975
15,"Spiny eucheuma_10",1981,3503.99025
15,"Spiny eucheuma_10",1982,3816.7965
15,"Spiny eucheuma_10",1983,4263.876
15,"Spiny eucheuma_10",1984,4308.696
15,"Spiny eucheuma_10",1985,5183.433
15,"Spiny eucheuma_10",1986,5694.56775
15,"Spiny eucheuma_10",1987,6522.057
15,"Spiny eucheuma_10",1988,7631.91225
15,"Spiny eucheuma_10",1989,8491.33575
15,"Spiny eucheuma_10",1990,9683.92125
15,"Spiny eucheuma_10",1991,10271.997
15,"Spiny eucheuma_10",1992,11141.31825
15,"Spiny eucheuma_10",1993,12065.1705
15,"Spiny eucheuma_10",1994,11968.0605
15,"Spiny eucheuma_10",1995,11744.334
15,"Spiny eucheuma_10",1996,11117.78775
15,"Spiny eucheuma_10",1997,10150.42275
15,"Spiny eucheuma_10",1998,10782.75825
15,"Spiny eucheuma_10",1999,12107.18925
15,"Spiny eucheuma_10",2000,15898.96125
15,"Spiny eucheuma_10",2001,26982.387
15,"Spiny eucheuma_10",2002,39238.0425
15,"Spiny eucheuma_10",2003,50675.54625
15,"Spiny eucheuma_10",2004,60261.42375
15,"Spiny eucheuma_10",2005,65382.2955
15,"Spiny eucheuma_10",2006,64207.82475
15,"Spiny eucheuma_10",2007,67527.49275
15,"Spiny eucheuma_10",2008,70816.53375
15,"Spiny eucheuma_10",2009,73104.22125
15,"Spiny eucheuma_10",2010,82241.712
15,"Spiny eucheuma_10",2011,89166.0285
15,"Spiny eucheuma_10",2012,95559.78825
15,"Spiny eucheuma_10",2013,97800.04125
15,"Spiny eucheuma_10",2014,95453.71425
15,"Spiny eucheuma_10",2015,89994.4515
15,"Spiny eucheuma_10",2016,83438.21925
15,"Spiny eucheuma_10",2017,75904.5375
15,"Spiny eucheuma_10",2018,68143.8966075
17,"Elkhorn sea moss_11",2010,82.17
17,"Elkhorn sea moss_11",2011,143.7975
17,"Elkhorn sea moss_11",2012,479.325
17,"Elkhorn sea moss_11",2013,873.05625
17,"Elkhorn sea moss_11",2014,1468.78875
17,"Elkhorn sea moss_11",2015,2239.1325
17,"Elkhorn sea moss_11",2016,2773.2375
17,"Elkhorn sea moss_11",2017,3143.0025
17,"Elkhorn sea moss_11",2018,3410.055
18,"Eucheuma seaweeds nei_12",1985,560.25
18,"Eucheuma seaweeds nei_12",1986,3510.9
18,"Eucheuma seaweeds nei_12",1987,5042.25
18,"Eucheuma seaweeds nei_12",1988,4715.4375
18,"Eucheuma seaweeds nei_12",1989,5695.875
18,"Eucheuma seaweeds nei_12",1990,5257.0125
18,"Eucheuma seaweeds nei_12",1991,3875.0625
18,"Eucheuma seaweeds nei_12",1992,3389.5125
18,"Eucheuma seaweeds nei_12",1993,2577.15
18,"Eucheuma seaweeds nei_12",1994,1400.625
18,"Eucheuma seaweeds nei_12",1995,756.3375
18,"Eucheuma seaweeds nei_12",1996,308.1375
18,"Eucheuma seaweeds nei_12",1997,0
18,"Eucheuma seaweeds nei_12",1998,392.175
18,"Eucheuma seaweeds nei_12",1999,3210.2325
18,"Eucheuma seaweeds nei_12",2000,4181.3325
18,"Eucheuma seaweeds nei_12",2001,4778.9325
18,"Eucheuma seaweeds nei_12",2002,4536.1575
18,"Eucheuma seaweeds nei_12",2003,1764.7875
18,"Eucheuma seaweeds nei_12",2004,877.725
18,"Eucheuma seaweeds nei_12",2005,364.1625
18,"Eucheuma seaweeds nei_12",2006,436.995
18,"Eucheuma seaweeds nei_12",2007,511.695
18,"Eucheuma seaweeds nei_12",2008,550.9125
18,"Eucheuma seaweeds nei_12",2009,549.045
18,"Eucheuma seaweeds nei_12",2010,431.3925
18,"Eucheuma seaweeds nei_12",2011,394.0425
18,"Eucheuma seaweeds nei_12",2012,375.3675
18,"Eucheuma seaweeds nei_12",2013,380.97
18,"Eucheuma seaweeds nei_12",2014,379.1025
18,"Eucheuma seaweeds nei_12",2015,397.7775
18,"Eucheuma seaweeds nei_12",2016,395.91
18,"Eucheuma seaweeds nei_12",2017,410.85
18,"Eucheuma seaweeds nei_12",2018,410.85
20,"[Capsosiphon fulvescens]_13",1967,0.083
20,"[Capsosiphon fulvescens]_13",1968,0.083
20,"[Capsosiphon fulvescens]_13",1969,0.083
20,"[Capsosiphon fulvescens]_13",1970,15.74925
20,"[Capsosiphon fulvescens]_13",1971,55.527
20,"[Capsosiphon fulvescens]_13",1972,75.67525
20,"[Capsosiphon fulvescens]_13",1973,81.85875
20,"[Capsosiphon fulvescens]_13",1974,71.6705
20,"[Capsosiphon fulvescens]_13",1975,60.092
20,"[Capsosiphon fulvescens]_13",1976,82.585
20,"[Capsosiphon fulvescens]_13",1977,125.496
20,"[Capsosiphon fulvescens]_13",1978,166.80925
20,"[Capsosiphon fulvescens]_13",1979,208.579
20,"[Capsosiphon fulvescens]_13",1980,191.33575
20,"[Capsosiphon fulvescens]_13",1981,173.28325
20,"[Capsosiphon fulvescens]_13",1982,156.14375
20,"[Capsosiphon fulvescens]_13",1983,140.78875
20,"[Capsosiphon fulvescens]_13",1984,115.43225
20,"[Capsosiphon fulvescens]_13",1985,89.66075
20,"[Capsosiphon fulvescens]_13",1986,71.40075
20,"[Capsosiphon fulvescens]_13",1987,28.967
20,"[Capsosiphon fulvescens]_13",1988,29.11225
20,"[Capsosiphon fulvescens]_13",1989,28.469
20,"[Capsosiphon fulvescens]_13",1990,26.0205
20,"[Capsosiphon fulvescens]_13",1991,13.861
20,"[Capsosiphon fulvescens]_13",1992,13.75725
20,"[Capsosiphon fulvescens]_13",1993,9.31675
20,"[Capsosiphon fulvescens]_13",1994,0.47725
20,"[Capsosiphon fulvescens]_13",1995,0.47725
20,"[Capsosiphon fulvescens]_13",1996,0.6225
20,"[Capsosiphon fulvescens]_13",1997,0.415
20,"[Capsosiphon fulvescens]_13",1998,0.2905
20,"[Capsosiphon fulvescens]_13",1999,0.249
20,"[Capsosiphon fulvescens]_13",2000,0
20,"[Capsosiphon fulvescens]_13",2001,0
20,"[Capsosiphon fulvescens]_13",2002,5.12525
20,"[Capsosiphon fulvescens]_13",2003,6.24575
20,"[Capsosiphon fulvescens]_13",2004,9.19225
20,"[Capsosiphon fulvescens]_13",2005,27.39
20,"[Capsosiphon fulvescens]_13",2006,59.07525
20,"[Capsosiphon fulvescens]_13",2007,80.77975
20,"[Capsosiphon fulvescens]_13",2008,152.4295
20,"[Capsosiphon fulvescens]_13",2009,230.6155
20,"[Capsosiphon fulvescens]_13",2010,279.7515
20,"[Capsosiphon fulvescens]_13",2011,302.18225
20,"[Capsosiphon fulvescens]_13",2012,284.42025
20,"[Capsosiphon fulvescens]_13",2013,286.12175
20,"[Capsosiphon fulvescens]_13",2014,304.361
20,"[Capsosiphon fulvescens]_13",2015,337.478
20,"[Capsosiphon fulvescens]_13",2016,346.8985
20,"[Capsosiphon fulvescens]_13",2017,379.04025
20,"[Capsosiphon fulvescens]_13",2018,420.1045
20,"Fragile codium_14",2005,132.551
20,"Fragile codium_14",2006,73.123
20,"Fragile codium_14",2007,53.12
20,"Fragile codium_14",2008,64.4495
20,"Fragile codium_14",2009,68.57875
20,"Fragile codium_14",2010,94.0805
20,"Fragile codium_14",2011,111.65575
20,"Fragile codium_14",2012,104.7875
20,"Fragile codium_14",2013,109.95425
20,"Fragile codium_14",2014,196.19125
20,"Fragile codium_14",2015,256.15875
20,"Fragile codium_14",2016,327.20675
20,"Fragile codium_14",2017,367.358
20,"Fragile codium_14",2018,322.7455
20,"Green laver_15",1974,4.98
20,"Green laver_15",1975,5.6108
20,"Green laver_15",1976,6.32736666666667
20,"Green laver_15",1977,7.15875
20,"Green laver_15",1978,8.978525
20,"Green laver_15",1979,11.2548
20,"Green laver_15",1980,14.398425
20,"Green laver_15",1981,18.19775
20,"Green laver_15",1982,24.02435
20,"Green laver_15",1983,31.11255
20,"Green laver_15",1984,35.85185
20,"Green laver_15",1985,51.75465
20,"Green laver_15",1986,65.771275
20,"Green laver_15",1987,70.5915
20,"Green laver_15",1988,78.7587
20,"Green laver_15",1989,77.63405
20,"Green laver_15",1990,80.586775
20,"Green laver_15",1991,94.6532
20,"Green laver_15",1992,112.45255
20,"Green laver_15",1993,116.471825
20,"Green laver_15",1994,104.96595
20,"Green laver_15",1995,84.168225
20,"Green laver_15",1996,65.5534
20,"Green laver_15",1997,56.715975
20,"Green laver_15",1998,53.354475
20,"Green laver_15",1999,56.52715
20,"Green laver_15",2000,50.324975
20,"Green laver_15",2001,46.104425
20,"Green laver_15",2002,54.3899
20,"Green laver_15",2003,45.01505
20,"Green laver_15",2004,57.934
20,"Green laver_15",2005,47.67105
20,"Green laver_15",2006,29.807375
20,"Green laver_15",2007,28.41505
20,"Green laver_15",2008,21.129725
20,"Green laver_15",2009,31.6894
20,"Green laver_15",2010,39.676075
20,"Green laver_15",2011,50.88315
20,"Green laver_15",2012,46.731075
20,"Green laver_15",2013,44.9279
20,"Green laver_15",2014,48.0902
20,"Green laver_15",2015,49.465925
20,"Green laver_15",2016,51.864625
20,"Green laver_15",2017,54.199
20,"Green laver_15",2018,55.744875
20,"Japanese kelp_16",1974,193.722
20,"Japanese kelp_16",1975,211.318
20,"Japanese kelp_16",1976,371.674
20,"Japanese kelp_16",1977,322.787
20,"Japanese kelp_16",1978,388.8135
20,"Japanese kelp_16",1979,439.319
20,"Japanese kelp_16",1980,285.7275
20,"Japanese kelp_16",1981,282.42825
20,"Japanese kelp_16",1982,250.7015
20,"Japanese kelp_16",1983,383.792
20,"Japanese kelp_16",1984,528.77225
20,"Japanese kelp_16",1985,732.807
20,"Japanese kelp_16",1986,846.0605
20,"Japanese kelp_16",1987,812.321
20,"Japanese kelp_16",1988,888.78475
20,"Japanese kelp_16",1989,698.3205
20,"Japanese kelp_16",1990,670.07975
20,"Japanese kelp_16",1991,648.45825
20,"Japanese kelp_16",1992,605.87925
20,"Japanese kelp_16",1993,908.0615
20,"Japanese kelp_16",1994,1371.55425
20,"Japanese kelp_16",1995,1752.462
20,"Japanese kelp_16",1996,2293.622
20,"Japanese kelp_16",1997,2631.5565
20,"Japanese kelp_16",1998,2164.889
20,"Japanese kelp_16",1999,2126.543
20,"Japanese kelp_16",2000,1680.833
20,"Japanese kelp_16",2001,1349.663
20,"Japanese kelp_16",2002,1701.2095
20,"Japanese kelp_16",2003,1697.3085
20,"Japanese kelp_16",2004,1870.571
20,"Japanese kelp_16",2005,3755.10675
20,"Japanese kelp_16",2006,7428.81125
20,"Japanese kelp_16",2007,12093.20375
20,"Japanese kelp_16",2008,17544.457
20,"Japanese kelp_16",2009,21649.969
20,"Japanese kelp_16",2010,22467.58125
20,"Japanese kelp_16",2011,22398.11025
20,"Japanese kelp_16",2012,22883.24525
20,"Japanese kelp_16",2013,24275.15525
20,"Japanese kelp_16",2014,26993.177
20,"Japanese kelp_16",2015,31058.849
20,"Japanese kelp_16",2016,32910.80725
20,"Japanese kelp_16",2017,36418.01375
20,"Japanese kelp_16",2018,40574.0105
20,"Laver (Nori)_17",1951,0.0146
20,"Laver (Nori)_17",1952,0.0438
20,"Laver (Nori)_17",1953,0.0876
20,"Laver (Nori)_17",1954,0.21535
20,"Laver (Nori)_17",1955,0.56575
20,"Laver (Nori)_17",1956,1.268375
20,"Laver (Nori)_17",1957,2.54405
20,"Laver (Nori)_17",1958,4.630025
20,"Laver (Nori)_17",1959,7.849325
20,"Laver (Nori)_17",1960,11.1617
20,"Laver (Nori)_17",1961,15.339125
20,"Laver (Nori)_17",1962,24.004225
20,"Laver (Nori)_17",1963,35.998125
20,"Laver (Nori)_17",1964,48.58515
20,"Laver (Nori)_17",1965,54.5091
20,"Laver (Nori)_17",1966,54.93615
20,"Laver (Nori)_17",1967,54.2828
20,"Laver (Nori)_17",1968,63.303775
20,"Laver (Nori)_17",1969,81.4534
20,"Laver (Nori)_17",1970,135.427775
20,"Laver (Nori)_17",1971,184.0257
20,"Laver (Nori)_17",1972,200.4361
20,"Laver (Nori)_17",1973,234.3081
20,"Laver (Nori)_17",1974,268.35895
20,"Laver (Nori)_17",1975,286.373525
20,"Laver (Nori)_17",1976,325.048925
20,"Laver (Nori)_17",1977,366.9418
20,"Laver (Nori)_17",1978,320.0539
20,"Laver (Nori)_17",1979,318.438775
20,"Laver (Nori)_17",1980,340.411775
20,"Laver (Nori)_17",1981,381.970675
20,"Laver (Nori)_17",1982,475.111375
20,"Laver (Nori)_17",1983,555.732575
20,"Laver (Nori)_17",1984,702.115825
20,"Laver (Nori)_17",1985,755.64125
20,"Laver (Nori)_17",1986,871.73315
20,"Laver (Nori)_17",1987,863.19945
20,"Laver (Nori)_17",1988,825.358075
20,"Laver (Nori)_17",1989,880.599
20,"Laver (Nori)_17",1990,797.088825
20,"Laver (Nori)_17",1991,907.607175
20,"Laver (Nori)_17",1992,994.853125
20,"Laver (Nori)_17",1993,1168.563925
20,"Laver (Nori)_17",1994,1482.361725
20,"Laver (Nori)_17",1995,1571.9966
20,"Laver (Nori)_17",1996,1576.8219
20,"Laver (Nori)_17",1997,1403.3812
20,"Laver (Nori)_17",1998,1259.93255
20,"Laver (Nori)_17",1999,1283.194
20,"Laver (Nori)_17",2000,1218.021425
20,"Laver (Nori)_17",2001,1268.52465
20,"Laver (Nori)_17",2002,1303.22885
20,"Laver (Nori)_17",2003,1281.049625
20,"Laver (Nori)_17",2004,1460.020075
20,"Laver (Nori)_17",2005,1514.2244
20,"Laver (Nori)_17",2006,1528.0287
20,"Laver (Nori)_17",2007,1559.789175
20,"Laver (Nori)_17",2008,1551.919775
20,"Laver (Nori)_17",2009,1577.166825
20,"Laver (Nori)_17",2010,1609.9712
20,"Laver (Nori)_17",2011,1802.4576
20,"Laver (Nori)_17",2012,2031.650225
20,"Laver (Nori)_17",2013,2385.849875
20,"Laver (Nori)_17",2014,2682.06015
20,"Laver (Nori)_17",2015,2814.644575
20,"Laver (Nori)_17",2016,2923.9566
20,"Laver (Nori)_17",2017,3139.52925
20,"Laver (Nori)_17",2018,3449.704425
20,"Wakame_18",1950,9.96
20,"Wakame_18",1951,11.205
20,"Wakame_18",1952,11.62
20,"Wakame_18",1953,12.45
20,"Wakame_18",1954,13.4875
20,"Wakame_18",1955,14.11
20,"Wakame_18",1956,15.1475
20,"Wakame_18",1957,17.6375
20,"Wakame_18",1958,23.4475
20,"Wakame_18",1959,28.0125
20,"Wakame_18",1960,32.1625
20,"Wakame_18",1961,36.3125
20,"Wakame_18",1962,37.35
20,"Wakame_18",1963,51.875
20,"Wakame_18",1964,63.2875
20,"Wakame_18",1965,65.7775
20,"Wakame_18",1966,82.3775
20,"Wakame_18",1967,96.9025
20,"Wakame_18",1968,136.12
20,"Wakame_18",1969,133.3395
20,"Wakame_18",1970,120.111375
20,"Wakame_18",1971,105.8001
20,"Wakame_18",1972,107.1032
20,"Wakame_18",1973,320.8033
20,"Wakame_18",1974,694.6768
20,"Wakame_18",1975,904.092025
20,"Wakame_18",1976,1127.42635
20,"Wakame_18",1977,1264.6461
20,"Wakame_18",1978,1177.0728
20,"Wakame_18",1979,1235.751725
20,"Wakame_18",1980,1359.189325
20,"Wakame_18",1981,1609.525625
20,"Wakame_18",1982,1776.446925
20,"Wakame_18",1983,1977.35465
20,"Wakame_18",1984,2047.989725
20,"Wakame_18",1985,1968.753775
20,"Wakame_18",1986,2220.63595
20,"Wakame_18",1987,2320.146725
20,"Wakame_18",1988,2426.9449
20,"Wakame_18",1989,2477.6164
20,"Wakame_18",1990,2317.631825
20,"Wakame_18",1991,2280.0349
20,"Wakame_18",1992,2466.318025
20,"Wakame_18",1993,2655.819475
20,"Wakame_18",1994,2951.02765
20,"Wakame_18",1995,3199.722625
20,"Wakame_18",1996,3063.5632
20,"Wakame_18",1997,3187.41995
20,"Wakame_18",1998,2830.81045
20,"Wakame_18",1999,2471.600975
20,"Wakame_18",2000,2277.829175
20,"Wakame_18",2001,1745.836525
20,"Wakame_18",2002,1750.802
20,"Wakame_18",2003,1718.56895
20,"Wakame_18",2004,1820.544825
20,"Wakame_18",2005,2041.2854
20,"Wakame_18",2006,2207.7751
20,"Wakame_18",2007,2437.944475
20,"Wakame_18",2008,2685.911125
20,"Wakame_18",2009,2742.525425
20,"Wakame_18",2010,2890.3588
20,"Wakame_18",2011,3066.53875
20,"Wakame_18",2012,2981.14835
20,"Wakame_18",2013,3018.95485
20,"Wakame_18",2014,2790.893675
20,"Wakame_18",2015,2643.03955
20,"Wakame_18",2016,2967.499
20,"Wakame_18",2017,3580.11785
20,"Wakame_18",2018,4061.295825
21,"Gelidium seaweeds_19",1989,664
21,"Gelidium seaweeds_19",1990,664
21,"Gelidium seaweeds_19",1991,664
21,"Gelidium seaweeds_19",1992,664
21,"Gelidium seaweeds_19",1993,664
21,"Gelidium seaweeds_19",1994,664
21,"Gelidium seaweeds_19",1995,664
21,"Gelidium seaweeds_19",1996,664
21,"Gelidium seaweeds_19",1997,664
21,"Gelidium seaweeds_19",1998,664
21,"Gelidium seaweeds_19",1999,664
21,"Gelidium seaweeds_19",2000,664
21,"Gelidium seaweeds_19",2001,498
21,"Gelidium seaweeds_19",2002,332
21,"Gelidium seaweeds_19",2003,166
21,"Gelidium seaweeds_19",2004,0
21,"Gelidium seaweeds_19",2005,0
21,"Gelidium seaweeds_19",2006,0
21,"Gelidium seaweeds_19",2007,0
21,"Gelidium seaweeds_19",2008,0
21,"Gelidium seaweeds_19",2009,0
21,"Gelidium seaweeds_19",2010,0
21,"Gelidium seaweeds_19",2011,0
21,"Gelidium seaweeds_19",2012,0
21,"Gelidium seaweeds_19",2013,0
21,"Gelidium seaweeds_19",2014,0
21,"Gelidium seaweeds_19",2015,0
21,"Gelidium seaweeds_19",2016,0
21,"Gelidium seaweeds_19",2017,0
21,"Gelidium seaweeds_19",2018,0
21,"Gracilaria seaweeds_20",1965,15.5625
21,"Gracilaria seaweeds_20",1966,23.0325
21,"Gracilaria seaweeds_20",1967,34.6525
21,"Gracilaria seaweeds_20",1968,47.465625
21,"Gracilaria seaweeds_20",1969,72.054375
21,"Gracilaria seaweeds_20",1970,99.91125
21,"Gracilaria seaweeds_20",1971,129.013125
21,"Gracilaria seaweeds_20",1972,157.336875
21,"Gracilaria seaweeds_20",1973,183.32625
21,"Gracilaria seaweeds_20",1974,210.09375
21,"Gracilaria seaweeds_20",1975,238.10625
21,"Gracilaria seaweeds_20",1976,266.11875
21,"Gracilaria seaweeds_20",1977,305.025
21,"Gracilaria seaweeds_20",1978,351.7125
21,"Gracilaria seaweeds_20",1979,404.625
21,"Gracilaria seaweeds_20",1980,466.875
21,"Gracilaria seaweeds_20",1981,529.125
21,"Gracilaria seaweeds_20",1982,575.8125
21,"Gracilaria seaweeds_20",1983,606.9375
21,"Gracilaria seaweeds_20",1984,622.5
21,"Gracilaria seaweeds_20",1985,622.5
21,"Gracilaria seaweeds_20",1986,622.5
21,"Gracilaria seaweeds_20",1987,622.5
21,"Gracilaria seaweeds_20",1988,622.5
21,"Gracilaria seaweeds_20",1989,622.5
21,"Gracilaria seaweeds_20",1990,622.5
21,"Gracilaria seaweeds_20",1991,622.5
21,"Gracilaria seaweeds_20",1992,622.5
21,"Gracilaria seaweeds_20",1993,622.5
21,"Gracilaria seaweeds_20",1994,622.5
21,"Gracilaria seaweeds_20",1995,622.5
21,"Gracilaria seaweeds_20",1996,622.5
21,"Gracilaria seaweeds_20",1997,622.5
21,"Gracilaria seaweeds_20",1998,622.5
21,"Gracilaria seaweeds_20",1999,622.5
21,"Gracilaria seaweeds_20",2000,622.5
21,"Gracilaria seaweeds_20",2001,466.875
21,"Gracilaria seaweeds_20",2002,311.25
21,"Gracilaria seaweeds_20",2003,155.625
21,"Gracilaria seaweeds_20",2004,0
21,"Gracilaria seaweeds_20",2005,0
21,"Gracilaria seaweeds_20",2006,0
21,"Gracilaria seaweeds_20",2007,0
21,"Gracilaria seaweeds_20",2008,0
21,"Gracilaria seaweeds_20",2009,0
21,"Gracilaria seaweeds_20",2010,0
21,"Gracilaria seaweeds_20",2011,0
21,"Gracilaria seaweeds_20",2012,0
21,"Gracilaria seaweeds_20",2013,0
21,"Gracilaria seaweeds_20",2014,0
21,"Gracilaria seaweeds_20",2015,0
21,"Gracilaria seaweeds_20",2016,0
21,"Gracilaria seaweeds_20",2017,0
21,"Gracilaria seaweeds_20",2018,0
21,"Japanese kelp_21",1950,51.543
21,"Japanese kelp_21",1951,57.1455
21,"Japanese kelp_21",1952,63.5503333333333
21,"Japanese kelp_21",1953,70.882
21,"Japanese kelp_21",1954,86.25775
21,"Japanese kelp_21",1955,104.97425
21,"Japanese kelp_21",1956,127.75775
21,"Japanese kelp_21",1957,155.5005
21,"Japanese kelp_21",1958,189.26075
21,"Japanese kelp_21",1959,230.325
21,"Japanese kelp_21",1960,280.291
21,"Japanese kelp_21",1961,341.10925
21,"Japanese kelp_21",1962,415.1245
21,"Japanese kelp_21",1963,505.221
21,"Japanese kelp_21",1964,614.864
21,"Japanese kelp_21",1965,748.30725
21,"Japanese kelp_21",1966,910.69675
21,"Japanese kelp_21",1967,1108.31975
21,"Japanese kelp_21",1968,1348.85375
21,"Japanese kelp_21",1969,1641.55325
21,"Japanese kelp_21",1970,1997.78925
21,"Japanese kelp_21",1971,2431.33975
21,"Japanese kelp_21",1972,2958.97075
21,"Japanese kelp_21",1973,3601.121
21,"Japanese kelp_21",1974,4382.62825
21,"Japanese kelp_21",1975,5333.72525
21,"Japanese kelp_21",1976,6491.20175
21,"Japanese kelp_21",1977,7899.87775
21,"Japanese kelp_21",1978,9614.2635
21,"Japanese kelp_21",1979,11700.676
21,"Japanese kelp_21",1980,14239.895
21,"Japanese kelp_21",1981,17330.151
21,"Japanese kelp_21",1982,21091.02625
21,"Japanese kelp_21",1983,25668.082
21,"Japanese kelp_21",1984,31376.739
21,"Japanese kelp_21",1985,38147.73375
21,"Japanese kelp_21",1986,45761.303
21,"Japanese kelp_21",1987,56315.5
21,"Japanese kelp_21",1988,65009.75
21,"Japanese kelp_21",1989,73807.75
21,"Japanese kelp_21",1990,74845.25
21,"Japanese kelp_21",1991,72479.75
21,"Japanese kelp_21",1992,72977.75
21,"Japanese kelp_21",1993,71919.5
21,"Japanese kelp_21",1994,70204.49175
21,"Japanese kelp_21",1995,66145.19
21,"Japanese kelp_21",1996,59766.20425
21,"Japanese kelp_21",1997,47369.677
21,"Japanese kelp_21",1998,41199.68525
21,"Japanese kelp_21",1999,36336.487
21,"Japanese kelp_21",2000,30618.22275
21,"Japanese kelp_21",2001,32044.12125
21,"Japanese kelp_21",2002,33585.7425
21,"Japanese kelp_21",2003,35127.36375
21,"Japanese kelp_21",2004,36876.485
21,"Japanese kelp_21",2005,36876.485
21,"Japanese kelp_21",2006,36876.58875
21,"Japanese kelp_21",2007,36876.6925
21,"Japanese kelp_21",2008,36876.79625
21,"Japanese kelp_21",2009,36876.9
21,"Japanese kelp_21",2010,36876.9
21,"Japanese kelp_21",2011,36876.9
21,"Japanese kelp_21",2012,36876.9
21,"Japanese kelp_21",2013,36876.9
21,"Japanese kelp_21",2014,37804.425
21,"Japanese kelp_21",2015,38731.95
21,"Japanese kelp_21",2016,40925.225
21,"Japanese kelp_21",2017,43118.5
21,"Japanese kelp_21",2018,44384.25
21,"Laver (Nori)_22",1975,4.9245
21,"Laver (Nori)_22",1976,15.1152
21,"Laver (Nori)_22",1977,24.7475666666667
21,"Laver (Nori)_22",1978,33.819925
21,"Laver (Nori)_22",1979,51.685475
21,"Laver (Nori)_22",1980,67.87435
21,"Laver (Nori)_22",1981,82.384875
21,"Laver (Nori)_22",1982,95.218725
21,"Laver (Nori)_22",1983,106.3759
21,"Laver (Nori)_22",1984,117.36055
21,"Laver (Nori)_22",1985,125.34695
21,"Laver (Nori)_22",1986,130.75385
21,"Laver (Nori)_22",1987,134
21,"Laver (Nori)_22",1988,134
21,"Laver (Nori)_22",1989,137.35
21,"Laver (Nori)_22",1990,134
21,"Laver (Nori)_22",1991,130.65
21,"Laver (Nori)_22",1992,130.65
21,"Laver (Nori)_22",1993,127.3
21,"Laver (Nori)_22",1994,122.275
21,"Laver (Nori)_22",1995,113.9
21,"Laver (Nori)_22",1996,103.85
21,"Laver (Nori)_22",1997,83.979475
21,"Laver (Nori)_22",1998,72.254475
21,"Laver (Nori)_22",1999,63.879475
21,"Laver (Nori)_22",2000,52.154475
21,"Laver (Nori)_22",2001,38.525
21,"Laver (Nori)_22",2002,25.125
21,"Laver (Nori)_22",2003,11.725
21,"Laver (Nori)_22",2004,0
21,"Laver (Nori)_22",2005,0
21,"Laver (Nori)_22",2006,0
21,"Laver (Nori)_22",2007,0
21,"Laver (Nori)_22",2008,0
21,"Laver (Nori)_22",2009,0
21,"Laver (Nori)_22",2010,1.675
21,"Laver (Nori)_22",2011,3.35
21,"Laver (Nori)_22",2012,5.025
21,"Laver (Nori)_22",2013,8.375
21,"Laver (Nori)_22",2014,10.05
21,"Laver (Nori)_22",2015,11.725
21,"Laver (Nori)_22",2016,15.075
21,"Laver (Nori)_22",2017,16.75
21,"Laver (Nori)_22",2018,18.425
21,"Wakame_23",1963,1.245
21,"Wakame_23",1964,2.6975
21,"Wakame_23",1965,4.565
21,"Wakame_23",1966,7.57375
21,"Wakame_23",1967,18.82855
21,"Wakame_23",1968,53.3939
21,"Wakame_23",1969,109.433425
21,"Wakame_23",1970,184.382425
21,"Wakame_23",1971,271.374725
21,"Wakame_23",1972,352.26445
21,"Wakame_23",1973,427.049525
21,"Wakame_23",1974,495.732025
21,"Wakame_23",1975,558.309875
21,"Wakame_23",1976,614.783075
21,"Wakame_23",1977,665.151625
21,"Wakame_23",1978,709.415525
21,"Wakame_23",1979,747.57685
21,"Wakame_23",1980,779.633525
21,"Wakame_23",1981,805.587625
21,"Wakame_23",1982,825.43915
21,"Wakame_23",1983,839.186025
21,"Wakame_23",1984,945.413575
21,"Wakame_23",1985,943.691325
21,"Wakame_23",1986,939.2944
21,"Wakame_23",1987,933.75
21,"Wakame_23",1988,830
21,"Wakame_23",1989,830
21,"Wakame_23",1990,778.125
21,"Wakame_23",1991,726.25
21,"Wakame_23",1992,674.375
21,"Wakame_23",1993,622.5
21,"Wakame_23",1994,581
21,"Wakame_23",1995,518.75
21,"Wakame_23",1996,466.875
21,"Wakame_23",1997,380.623475
21,"Wakame_23",1998,334.973475
21,"Wakame_23",1999,310.073475
21,"Wakame_23",2000,272.723475
21,"Wakame_23",2001,203.35
21,"Wakame_23",2002,134.875
21,"Wakame_23",2003,66.4
21,"Wakame_23",2004,0
21,"Wakame_23",2005,0
21,"Wakame_23",2006,0
21,"Wakame_23",2007,0
21,"Wakame_23",2008,0
21,"Wakame_23",2009,0
21,"Wakame_23",2010,0
21,"Wakame_23",2011,0
21,"Wakame_23",2012,0
21,"Wakame_23",2013,0
21,"Wakame_23",2014,0
21,"Wakame_23",2015,0
21,"Wakame_23",2016,0
21,"Wakame_23",2017,0
21,"Wakame_23",2018,0
24,"Eucheuma seaweeds nei_24",2001,2614.5
24,"Eucheuma seaweeds nei_24",2002,2670.525
24,"Eucheuma seaweeds nei_24",2003,3722.55
24,"Eucheuma seaweeds nei_24",2004,5936.7825
24,"Eucheuma seaweeds nei_24",2005,8644.6575
24,"Eucheuma seaweeds nei_24",2006,9234.7875
24,"Eucheuma seaweeds nei_24",2007,7778.1375
24,"Eucheuma seaweeds nei_24",2008,4633.2675
24,"Eucheuma seaweeds nei_24",2009,1271.7675
24,"Eucheuma seaweeds nei_24",2010,0
24,"Eucheuma seaweeds nei_24",2011,0
24,"Eucheuma seaweeds nei_24",2012,0
24,"Eucheuma seaweeds nei_24",2013,0
24,"Eucheuma seaweeds nei_24",2014,0
24,"Eucheuma seaweeds nei_24",2015,373.5
24,"Eucheuma seaweeds nei_24",2016,790.88625
24,"Eucheuma seaweeds nei_24",2017,1201.73625
24,"Eucheuma seaweeds nei_24",2018,1612.58625
40,"Elkhorn sea moss_25",2011,1.027125
40,"Elkhorn sea moss_25",2012,9.7576875
40,"Elkhorn sea moss_25",2013,13.352625
40,"Elkhorn sea moss_25",2014,11.86329375
40,"Elkhorn sea moss_25",2015,989.4295125
40,"Elkhorn sea moss_25",2016,1025.687025
40,"Elkhorn sea moss_25",2017,1162.7055
40,"Elkhorn sea moss_25",2018,1227.003525
41,"Elkhorn sea moss_26",2002,1290.069
41,"Elkhorn sea moss_26",2003,1507.8195
41,"Elkhorn sea moss_26",2004,1257.201
41,"Elkhorn sea moss_26",2005,1016.85375
41,"Elkhorn sea moss_26",2006,725.15025
41,"Elkhorn sea moss_26",2007,435.501
41,"Elkhorn sea moss_26",2008,390.3075
41,"Elkhorn sea moss_26",2009,363.60225
41,"Elkhorn sea moss_26",2010,332.7885
41,"Elkhorn sea moss_26",2011,191.04525
41,"Elkhorn sea moss_26",2012,47.24775
41,"Elkhorn sea moss_26",2013,0
41,"Elkhorn sea moss_26",2014,0
41,"Elkhorn sea moss_26",2015,0
41,"Elkhorn sea moss_26",2016,0
41,"Elkhorn sea moss_26",2017,0
41,"Elkhorn sea moss_26",2018,0
42,"Eucheuma seaweeds nei_27",1992,765.675
42,"Eucheuma seaweeds nei_27",1993,382.8375
42,"Eucheuma seaweeds nei_27",1994,255.225
42,"Eucheuma seaweeds nei_27",1995,191.41875
42,"Eucheuma seaweeds nei_27",1996,0
42,"Eucheuma seaweeds nei_27",1997,0
42,"Eucheuma seaweeds nei_27",1998,0
42,"Eucheuma seaweeds nei_27",1999,0
42,"Eucheuma seaweeds nei_27",2000,130.725
42,"Eucheuma seaweeds nei_27",2001,261.45
42,"Eucheuma seaweeds nei_27",2002,392.175
42,"Eucheuma seaweeds nei_27",2003,541.575
42,"Eucheuma seaweeds nei_27",2004,560.25
42,"Eucheuma seaweeds nei_27",2005,597.6
42,"Eucheuma seaweeds nei_27",2006,1456.65
42,"Eucheuma seaweeds nei_27",2007,1988.8875
42,"Eucheuma seaweeds nei_27",2008,2521.125
42,"Eucheuma seaweeds nei_27",2009,3025.35
42,"Eucheuma seaweeds nei_27",2010,2782.575
42,"Eucheuma seaweeds nei_27",2011,2418.22575
42,"Eucheuma seaweeds nei_27",2012,1998.03825
42,"Eucheuma seaweeds nei_27",2013,1993.3695
42,"Eucheuma seaweeds nei_27",2014,2548.017
42,"Eucheuma seaweeds nei_27",2015,5102.3835
42,"Eucheuma seaweeds nei_27",2016,8094.67875
42,"Eucheuma seaweeds nei_27",2017,10677.8421
42,"Eucheuma seaweeds nei_27",2018,10372.87935
43,"Spiny eucheuma_28",2010,29.88
43,"Spiny eucheuma_28",2011,74.7
43,"Spiny eucheuma_28",2012,149.4
43,"Spiny eucheuma_28",2013,186.75
43,"Spiny eucheuma_28",2014,253.98
43,"Spiny eucheuma_28",2015,298.8
43,"Spiny eucheuma_28",2016,298.8
43,"Spiny eucheuma_28",2017,298.8
43,"Spiny eucheuma_28",2018,298.8
73,"Brown seaweeds_29",1960,395.25
73,"Brown seaweeds_29",1961,546.375
73,"Brown seaweeds_29",1962,503.75
73,"Brown seaweeds_29",1963,528.9375
73,"Brown seaweeds_29",1964,546.375
73,"Brown seaweeds_29",1965,499.875
73,"Brown seaweeds_29",1966,523.125
73,"Brown seaweeds_29",1967,465
73,"Brown seaweeds_29",1968,383.625
73,"Brown seaweeds_29",1969,313.875
73,"Brown seaweeds_29",1970,313.875
73,"Brown seaweeds_29",1971,337.125
73,"Brown seaweeds_29",1972,523.125
73,"Brown seaweeds_29",1973,581.25
73,"Brown seaweeds_29",1974,592.875
73,"Brown seaweeds_29",1975,569.625
73,"Brown seaweeds_29",1976,453.375
73,"Brown seaweeds_29",1977,395.25
73,"Brown seaweeds_29",1978,319.6875
73,"Brown seaweeds_29",1979,319.6875
73,"Brown seaweeds_29",1980,273.1875
73,"Brown seaweeds_29",1981,313.875
73,"Brown seaweeds_29",1982,389.4375
73,"Brown seaweeds_29",1983,470.8125
73,"Brown seaweeds_29",1984,819.5625
73,"Brown seaweeds_29",1985,1127.625
73,"Brown seaweeds_29",1986,1408.36875
73,"Brown seaweeds_29",1987,1636.1025
73,"Brown seaweeds_29",1988,1810.4775
73,"Brown seaweeds_29",1989,1760.49
73,"Brown seaweeds_29",1990,1966.60125
73,"Brown seaweeds_29",1991,2697
73,"Brown seaweeds_29",1992,2266.875
73,"Brown seaweeds_29",1993,2084.3625
73,"Brown seaweeds_29",1994,1748.6325
73,"Brown seaweeds_29",1995,1378.725
73,"Brown seaweeds_29",1996,1275.2625
73,"Brown seaweeds_29",1997,1867.55625
73,"Brown seaweeds_29",1998,1929.75
73,"Brown seaweeds_29",1999,1504.275
73,"Brown seaweeds_29",2000,1793.2725
73,"Brown seaweeds_29",2001,1073.22
73,"Brown seaweeds_29",2002,737.025
73,"Brown seaweeds_29",2003,407.68875
73,"Brown seaweeds_29",2004,96.13875
73,"Brown seaweeds_29",2005,78.00375
73,"Brown seaweeds_29",2006,156.4725
73,"Brown seaweeds_29",2007,183.55875
73,"Brown seaweeds_29",2008,188.67375
73,"Brown seaweeds_29",2009,246.10125
73,"Brown seaweeds_29",2010,222.38625
73,"Brown seaweeds_29",2011,282.9525
73,"Brown seaweeds_29",2012,436.8675
73,"Brown seaweeds_29",2013,425.59125
73,"Brown seaweeds_29",2014,631.58625
73,"Brown seaweeds_29",2015,772.83
73,"Brown seaweeds_29",2016,726.91125
73,"Brown seaweeds_29",2017,828.63
73,"Brown seaweeds_29",2018,1076.01
73,"Brown seaweeds_30",1999,46.5
73,"Brown seaweeds_30",2000,49.29
73,"Brown seaweeds_30",2001,48.825
73,"Brown seaweeds_30",2002,36.61875
73,"Brown seaweeds_30",2003,24.99375
73,"Brown seaweeds_30",2004,11.97375
73,"Brown seaweeds_30",2005,0
73,"Brown seaweeds_30",2006,0
73,"Brown seaweeds_30",2007,0
73,"Brown seaweeds_30",2008,0
73,"Brown seaweeds_30",2009,0
73,"Brown seaweeds_30",2010,0
73,"Brown seaweeds_30",2011,0
73,"Brown seaweeds_30",2012,0
73,"Brown seaweeds_30",2013,0
73,"Brown seaweeds_30",2014,0
73,"Brown seaweeds_30",2015,0
73,"Brown seaweeds_30",2016,0
73,"Brown seaweeds_30",2017,0
73,"Brown seaweeds_30",2018,1.51125
101,"Gracilaria seaweeds_31",1993,10.2
101,"Gracilaria seaweeds_31",1994,10.2
101,"Gracilaria seaweeds_31",1995,10.2
101,"Gracilaria seaweeds_31",1996,10.2
101,"Gracilaria seaweeds_31",1997,10.2
101,"Gracilaria seaweeds_31",1998,10.2
101,"Gracilaria seaweeds_31",1999,10.65
101,"Gracilaria seaweeds_31",2000,11.1
101,"Gracilaria seaweeds_31",2001,11.55
101,"Gracilaria seaweeds_31",2002,14.7
101,"Gracilaria seaweeds_31",2003,21.75
101,"Gracilaria seaweeds_31",2004,28.8
101,"Gracilaria seaweeds_31",2005,35.85
101,"Gracilaria seaweeds_31",2006,40.65
101,"Gracilaria seaweeds_31",2007,34.65
101,"Gracilaria seaweeds_31",2008,44.4
101,"Gracilaria seaweeds_31",2009,53.85
101,"Gracilaria seaweeds_31",2010,62.85
101,"Gracilaria seaweeds_31",2011,78.3
101,"Gracilaria seaweeds_31",2012,78
101,"Gracilaria seaweeds_31",2013,78
101,"Gracilaria seaweeds_31",2014,78
101,"Gracilaria seaweeds_31",2015,78
101,"Gracilaria seaweeds_31",2016,78
101,"Gracilaria seaweeds_31",2017,78
101,"Gracilaria seaweeds_31",2018,78
102,"Gracilaria seaweeds_32",1995,6.525
102,"Gracilaria seaweeds_32",1996,13.7025
102,"Gracilaria seaweeds_32",1997,11.31
102,"Gracilaria seaweeds_32",1998,11.0925
102,"Gracilaria seaweeds_32",1999,10.276875
102,"Gracilaria seaweeds_32",2000,7.014375
102,"Gracilaria seaweeds_32",2001,7.340625
102,"Gracilaria seaweeds_32",2002,12.886875
102,"Gracilaria seaweeds_32",2003,27.07875
102,"Gracilaria seaweeds_32",2004,40.618125
102,"Gracilaria seaweeds_32",2005,54.973125
102,"Gracilaria seaweeds_32",2006,63.129375
102,"Gracilaria seaweeds_32",2007,64.434375
102,"Gracilaria seaweeds_32",2008,97.875
102,"Gracilaria seaweeds_32",2009,146.8125
102,"Gracilaria seaweeds_32",2010,203.90625
102,"Gracilaria seaweeds_32",2011,187.59375
102,"Gracilaria seaweeds_32",2012,138.65625
102,"Gracilaria seaweeds_32",2013,73.40625
102,"Gracilaria seaweeds_32",2014,0
102,"Gracilaria seaweeds_32",2015,0
102,"Gracilaria seaweeds_32",2016,0
102,"Gracilaria seaweeds_32",2017,0
102,"Gracilaria seaweeds_32",2018,0
102,"Sea lettuces nei_33",2002,415
102,"Sea lettuces nei_33",2003,774.39
102,"Sea lettuces nei_33",2004,896.676666666667
102,"Sea lettuces nei_33",2005,973.3825
102,"Sea lettuces nei_33",2006,1170.5075
102,"Sea lettuces nei_33",2007,1187.9375
102,"Sea lettuces nei_33",2008,1061.7775
102,"Sea lettuces nei_33",2009,916.5275
102,"Sea lettuces nei_33",2010,778.02125
102,"Sea lettuces nei_33",2011,684.64625
102,"Sea lettuces nei_33",2012,732.99375
102,"Sea lettuces nei_33",2013,764.11875
102,"Sea lettuces nei_33",2014,809.25
102,"Sea lettuces nei_33",2015,736.625
102,"Sea lettuces nei_33",2016,788.5
102,"Sea lettuces nei_33",2017,691.1825
102,"Sea lettuces nei_33",2018,658.7160125
122,"Eucheuma seaweeds nei_34",1999,101.592
122,"Eucheuma seaweeds nei_34",2000,50.796
122,"Eucheuma seaweeds nei_34",2001,40.836
122,"Eucheuma seaweeds nei_34",2002,33.615
122,"Eucheuma seaweeds nei_34",2003,11.952
122,"Eucheuma seaweeds nei_34",2004,12.88575
122,"Eucheuma seaweeds nei_34",2005,10.27125
122,"Eucheuma seaweeds nei_34",2006,8.25435
122,"Eucheuma seaweeds nei_34",2007,6.38685
122,"Eucheuma seaweeds nei_34",2008,6.723
122,"Eucheuma seaweeds nei_34",2009,6.368175
122,"Eucheuma seaweeds nei_34",2010,8.273025
122,"Eucheuma seaweeds nei_34",2011,8.4411
122,"Eucheuma seaweeds nei_34",2012,9.953775
122,"Eucheuma seaweeds nei_34",2013,12.5496
122,"Eucheuma seaweeds nei_34",2014,13.5207
122,"Eucheuma seaweeds nei_34",2015,11.91465
122,"Eucheuma seaweeds nei_34",2016,10.12185
122,"Eucheuma seaweeds nei_34",2017,7.88085
122,"Eucheuma seaweeds nei_34",2018,6.6483
122,"Gracilaria seaweeds_35",1985,63.75
122,"Gracilaria seaweeds_35",1986,63.75
122,"Gracilaria seaweeds_35",1987,63.75
122,"Gracilaria seaweeds_35",1988,53.390625
122,"Gracilaria seaweeds_35",1989,43.828125
122,"Gracilaria seaweeds_35",1990,34.265625
122,"Gracilaria seaweeds_35",1991,24.703125
122,"Gracilaria seaweeds_35",1992,22.3125
122,"Gracilaria seaweeds_35",1993,17.053125
122,"Gracilaria seaweeds_35",1994,12.271875
122,"Gracilaria seaweeds_35",1995,7.490625
122,"Gracilaria seaweeds_35",1996,5.896875
122,"Gracilaria seaweeds_35",1997,4.78125
122,"Gracilaria seaweeds_35",1998,3.1875
122,"Gracilaria seaweeds_35",1999,1.59375
122,"Gracilaria seaweeds_35",2000,0
122,"Gracilaria seaweeds_35",2001,0
122,"Gracilaria seaweeds_35",2002,0
122,"Gracilaria seaweeds_35",2003,0
122,"Gracilaria seaweeds_35",2004,0
122,"Gracilaria seaweeds_35",2005,0
122,"Gracilaria seaweeds_35",2006,0.7171875
122,"Gracilaria seaweeds_35",2007,0.7171875
122,"Gracilaria seaweeds_35",2008,0.7171875
122,"Gracilaria seaweeds_35",2009,0.7171875
122,"Gracilaria seaweeds_35",2010,0
122,"Gracilaria seaweeds_35",2011,0
122,"Gracilaria seaweeds_35",2012,0
122,"Gracilaria seaweeds_35",2013,0
122,"Gracilaria seaweeds_35",2014,0
122,"Gracilaria seaweeds_35",2015,0
122,"Gracilaria seaweeds_35",2016,0
122,"Gracilaria seaweeds_35",2017,0
122,"Gracilaria seaweeds_35",2018,0
125,"Eucheuma seaweeds nei_36",2015,1.0458
125,"Eucheuma seaweeds nei_36",2016,8.77725
125,"Eucheuma seaweeds nei_36",2017,10.3335
125,"Eucheuma seaweeds nei_36",2018,11.485125
127,"Eucheuma seaweeds nei_37",2013,0.3735
127,"Eucheuma seaweeds nei_37",2014,0.70965
127,"Eucheuma seaweeds nei_37",2015,0.8217
127,"Eucheuma seaweeds nei_37",2016,0.877725
127,"Eucheuma seaweeds nei_37",2017,0.989775
127,"Eucheuma seaweeds nei_37",2018,1.101825
138,"Giant kelp_38",2012,11.5038
138,"Giant kelp_38",2013,5.7519
138,"Giant kelp_38",2014,3.8346
138,"Giant kelp_38",2015,3.171015
138,"Giant kelp_38",2016,0.5322375
138,"Giant kelp_38",2017,0.8217
138,"Giant kelp_38",2018,1.00845
138,"Gracilaria seaweeds_39",1995,1.245
138,"Gracilaria seaweeds_39",1996,71.27625
138,"Gracilaria seaweeds_39",1997,73.455
138,"Gracilaria seaweeds_39",1998,74.544375
138,"Gracilaria seaweeds_39",1999,82.48125
138,"Gracilaria seaweeds_39",2000,48.86625
138,"Gracilaria seaweeds_39",2001,31.280625
138,"Gracilaria seaweeds_39",2002,11.8275
138,"Gracilaria seaweeds_39",2003,3.579375
138,"Gracilaria seaweeds_39",2004,1.8675
138,"Gracilaria seaweeds_39",2005,0
138,"Gracilaria seaweeds_39",2006,0
138,"Gracilaria seaweeds_39",2007,0
138,"Gracilaria seaweeds_39",2008,0
138,"Gracilaria seaweeds_39",2009,0
138,"Gracilaria seaweeds_39",2010,0
138,"Gracilaria seaweeds_39",2011,0
138,"Gracilaria seaweeds_39",2012,0
138,"Gracilaria seaweeds_39",2013,0
138,"Gracilaria seaweeds_39",2014,0
138,"Gracilaria seaweeds_39",2015,0
138,"Gracilaria seaweeds_39",2016,0
138,"Gracilaria seaweeds_39",2017,0
138,"Gracilaria seaweeds_39",2018,0
139,"Elkhorn sea moss_40",1990,82.9917
139,"Elkhorn sea moss_40",1991,41.49585
139,"Elkhorn sea moss_40",1992,29.0334
139,"Elkhorn sea moss_40",1993,32.868
139,"Elkhorn sea moss_40",1994,15.20145
139,"Elkhorn sea moss_40",1995,23.41845
139,"Elkhorn sea moss_40",1996,28.964925
139,"Elkhorn sea moss_40",1997,25.267275
139,"Elkhorn sea moss_40",1998,55.0539
139,"Elkhorn sea moss_40",1999,79.7049
139,"Elkhorn sea moss_40",2000,92.646675
139,"Elkhorn sea moss_40",2001,90.387
139,"Elkhorn sea moss_40",2002,57.519
139,"Elkhorn sea moss_40",2003,24.651
139,"Elkhorn sea moss_40",2004,5.135625
139,"Elkhorn sea moss_40",2005,0
139,"Elkhorn sea moss_40",2006,0
139,"Elkhorn sea moss_40",2007,0
139,"Elkhorn sea moss_40",2008,0
139,"Elkhorn sea moss_40",2009,0
139,"Elkhorn sea moss_40",2010,0
139,"Elkhorn sea moss_40",2011,0
139,"Elkhorn sea moss_40",2012,0
139,"Elkhorn sea moss_40",2013,0
139,"Elkhorn sea moss_40",2014,0
139,"Elkhorn sea moss_40",2015,0
139,"Elkhorn sea moss_40",2016,0
139,"Elkhorn sea moss_40",2017,0
139,"Elkhorn sea moss_40",2018,0
155,"Elkhorn sea moss_41",2000,41.085
155,"Elkhorn sea moss_41",2001,41.085
155,"Elkhorn sea moss_41",2002,41.085
155,"Elkhorn sea moss_41",2003,41.085
155,"Elkhorn sea moss_41",2004,36.9765
155,"Elkhorn sea moss_41",2005,43.13925
155,"Elkhorn sea moss_41",2006,32.868
155,"Elkhorn sea moss_41",2007,22.59675
155,"Elkhorn sea moss_41",2008,16.434
155,"Elkhorn sea moss_41",2009,0
155,"Elkhorn sea moss_41",2010,0
155,"Elkhorn sea moss_41",2011,0
155,"Elkhorn sea moss_41",2012,0
155,"Elkhorn sea moss_41",2013,0
155,"Elkhorn sea moss_41",2014,0
155,"Elkhorn sea moss_41",2015,0
155,"Elkhorn sea moss_41",2016,0
155,"Elkhorn sea moss_41",2017,0
155,"Elkhorn sea moss_41",2018,0
155,"Mozuku_42",2008,2.49
155,"Mozuku_42",2009,2.49
155,"Mozuku_42",2010,2.49
155,"Mozuku_42",2011,2.49
155,"Mozuku_42",2012,2.49
155,"Mozuku_42",2013,2.1414
155,"Mozuku_42",2014,1.699425
155,"Mozuku_42",2015,1.188975
155,"Mozuku_42",2016,0.61005
155,"Mozuku_42",2017,0.37765
155,"Mozuku_42",2018,0.238625
164,"Eucheuma seaweeds nei_43",2012,2.6892
164,"Eucheuma seaweeds nei_43",2013,5.0796
164,"Eucheuma seaweeds nei_43",2014,3.9342
164,"Eucheuma seaweeds nei_43",2015,3.5109
164,"Eucheuma seaweeds nei_43",2016,3.39885
164,"Eucheuma seaweeds nei_43",2017,2.0916
164,"Eucheuma seaweeds nei_43",2018,2.241
171,"Elkhorn sea moss_44",2008,246.51
171,"Elkhorn sea moss_44",2009,328.68
171,"Elkhorn sea moss_44",2010,410.85
171,"Elkhorn sea moss_44",2011,451.935
171,"Elkhorn sea moss_44",2012,534.105
171,"Elkhorn sea moss_44",2013,575.19
171,"Elkhorn sea moss_44",2014,575.19
171,"Elkhorn sea moss_44",2015,575.19
171,"Elkhorn sea moss_44",2016,575.19
171,"Elkhorn sea moss_44",2017,575.19
171,"Elkhorn sea moss_44",2018,575.19
171,"Gracilaria seaweeds_45",2008,12.75
171,"Gracilaria seaweeds_45",2009,12.75
171,"Gracilaria seaweeds_45",2010,14.875
171,"Gracilaria seaweeds_45",2011,15.9375
171,"Gracilaria seaweeds_45",2012,17.53125
171,"Gracilaria seaweeds_45",2013,19.125
171,"Gracilaria seaweeds_45",2014,19.125
171,"Gracilaria seaweeds_45",2015,19.125
171,"Gracilaria seaweeds_45",2016,19.125
171,"Gracilaria seaweeds_45",2017,19.125
171,"Gracilaria seaweeds_45",2018,19.125
175,"Brown seaweeds_46",2008,465
175,"Brown seaweeds_46",2009,465
175,"Brown seaweeds_46",2010,465
175,"Brown seaweeds_46",2011,465
175,"Brown seaweeds_46",2012,465
175,"Brown seaweeds_46",2013,558
175,"Brown seaweeds_46",2014,453.375
175,"Brown seaweeds_46",2015,348.75
175,"Brown seaweeds_46",2016,244.125
175,"Brown seaweeds_46",2017,36.0375
175,"Brown seaweeds_46",2018,25.8075
179,"Brown seaweeds_47",2014,237.15
179,"Brown seaweeds_47",2015,232.5
179,"Brown seaweeds_47",2016,232.5
179,"Brown seaweeds_47",2017,232.5
179,"Brown seaweeds_47",2018,231.3375
179,"Harpoon seaweeds_48",1996,4.98
179,"Harpoon seaweeds_48",1997,4.98
179,"Harpoon seaweeds_48",1998,5.395
179,"Harpoon seaweeds_48",1999,5.91375
179,"Harpoon seaweeds_48",2000,6.53625
179,"Harpoon seaweeds_48",2001,7.625625
179,"Harpoon seaweeds_48",2002,8.0925
179,"Harpoon seaweeds_48",2003,8.0925
179,"Harpoon seaweeds_48",2004,8.0925
179,"Harpoon seaweeds_48",2005,8.870625
179,"Harpoon seaweeds_48",2006,7.625625
179,"Harpoon seaweeds_48",2007,7.314375
179,"Harpoon seaweeds_48",2008,5.509125
179,"Harpoon seaweeds_48",2009,2.396625
179,"Harpoon seaweeds_48",2010,1.6185
179,"Harpoon seaweeds_48",2011,0.06225
179,"Harpoon seaweeds_48",2012,0
179,"Harpoon seaweeds_48",2013,0
179,"Harpoon seaweeds_48",2014,0
179,"Harpoon seaweeds_48",2015,0
179,"Harpoon seaweeds_48",2016,0
179,"Harpoon seaweeds_48",2017,0
179,"Harpoon seaweeds_48",2018,0
179,"Seaweeds nei_49",2009,15.5376
179,"Seaweeds nei_49",2010,35.1588
179,"Seaweeds nei_49",2011,44.3552
179,"Seaweeds nei_49",2012,48.9534
179,"Seaweeds nei_49",2013,54.531
179,"Seaweeds nei_49",2014,40.836
179,"Seaweeds nei_49",2015,25.149
179,"Seaweeds nei_49",2016,9.462
179,"Seaweeds nei_49",2017,0
179,"Seaweeds nei_49",2018,0
179,"Wakame nei_50",1985,0.0498
179,"Wakame nei_50",1986,0.0249
179,"Wakame nei_50",1987,0.0332
179,"Wakame nei_50",1988,0.04565
179,"Wakame nei_50",1989,0.122425
179,"Wakame nei_50",1990,0.134875
179,"Wakame nei_50",1991,0.2324
179,"Wakame nei_50",1992,0.31955
179,"Wakame nei_50",1993,0.375575
179,"Wakame nei_50",1994,0.54365
179,"Wakame nei_50",1995,0.641175
179,"Wakame nei_50",1996,0.645325
179,"Wakame nei_50",1997,0.612125
179,"Wakame nei_50",1998,0.53535
179,"Wakame nei_50",1999,0.36935
179,"Wakame nei_50",2000,0.2988
179,"Wakame nei_50",2001,0.22825
179,"Wakame nei_50",2002,0.176375
179,"Wakame nei_50",2003,0.18675
179,"Wakame nei_50",2004,0.197125
179,"Wakame nei_50",2005,0.2075
179,"Wakame nei_50",2006,0.21165
179,"Wakame nei_50",2007,0.21165
179,"Wakame nei_50",2008,0.26809
179,"Wakame nei_50",2009,0.216215
179,"Wakame nei_50",2010,0.16019
179,"Wakame nei_50",2011,0.108315
179,"Wakame nei_50",2012,0
179,"Wakame nei_50",2013,0
179,"Wakame nei_50",2014,0
179,"Wakame nei_50",2015,0
179,"Wakame nei_50",2016,0
179,"Wakame nei_50",2017,0
179,"Wakame nei_50",2018,0
182,"Sea belt_51",2007,16.5585
182,"Sea belt_51",2008,12.3006
182,"Sea belt_51",2009,9.04146666666667
182,"Sea belt_51",2010,6.7811
182,"Sea belt_51",2011,2.6690725
182,"Sea belt_51",2012,0.7766725
182,"Sea belt_51",2013,0.1458725
182,"Sea belt_51",2014,0.4612725
182,"Sea belt_51",2015,0.43564625
182,"Sea belt_51",2016,0.31737125
182,"Sea belt_51",2017,0.39425
182,"Sea belt_51",2018,0.40410625
182,"Seaweeds nei_52",2006,0.1494
182,"Seaweeds nei_52",2007,0.168075
182,"Seaweeds nei_52",2008,0.1743
182,"Seaweeds nei_52",2009,0.1774125
182,"Seaweeds nei_52",2010,0.17896875
182,"Seaweeds nei_52",2011,0.18519375
182,"Seaweeds nei_52",2012,0.19079625
182,"Seaweeds nei_52",2013,0.20013375
182,"Seaweeds nei_52",2014,0.20667
182,"Seaweeds nei_52",2015,0.19515375
182,"Seaweeds nei_52",2016,0.14286375
182,"Seaweeds nei_52",2017,0.14971125
182,"Seaweeds nei_52",2018,0.20418
184,"Gracilaria seaweeds_53",1990,3375
184,"Gracilaria seaweeds_53",1991,3375
184,"Gracilaria seaweeds_53",1992,3375
184,"Gracilaria seaweeds_53",1993,3375
184,"Gracilaria seaweeds_53",1994,3375
184,"Gracilaria seaweeds_53",1995,3375
184,"Gracilaria seaweeds_53",1996,3375
184,"Gracilaria seaweeds_53",1997,3375
184,"Gracilaria seaweeds_53",1998,3037.5
184,"Gracilaria seaweeds_53",1999,2700
184,"Gracilaria seaweeds_53",2000,2362.5
184,"Gracilaria seaweeds_53",2001,1518.75
184,"Gracilaria seaweeds_53",2002,1012.5
184,"Gracilaria seaweeds_53",2003,506.25
184,"Gracilaria seaweeds_53",2004,0
184,"Gracilaria seaweeds_53",2005,0
184,"Gracilaria seaweeds_53",2006,0
184,"Gracilaria seaweeds_53",2007,0
184,"Gracilaria seaweeds_53",2008,0
184,"Gracilaria seaweeds_53",2009,0
184,"Gracilaria seaweeds_53",2010,0
184,"Gracilaria seaweeds_53",2011,0
184,"Gracilaria seaweeds_53",2012,0
184,"Gracilaria seaweeds_53",2013,0
184,"Gracilaria seaweeds_53",2014,0
184,"Gracilaria seaweeds_53",2015,0
184,"Gracilaria seaweeds_53",2016,0
184,"Gracilaria seaweeds_53",2017,0
184,"Gracilaria seaweeds_53",2018,0
202,"Elkhorn sea moss_54",2001,8611.416
202,"Elkhorn sea moss_54",2002,7534.989
202,"Elkhorn sea moss_54",2003,6165.489
202,"Elkhorn sea moss_54",2004,5433.49125
202,"Elkhorn sea moss_54",2005,4159.85625
202,"Elkhorn sea moss_54",2006,2935.52325
202,"Elkhorn sea moss_54",2007,2209.8594375
202,"Elkhorn sea moss_54",2008,1434.3800625
202,"Elkhorn sea moss_54",2009,597.42725625
202,"Elkhorn sea moss_54",2010,233.41415625
202,"Elkhorn sea moss_54",2011,230.02464375
202,"Elkhorn sea moss_54",2012,381.83371875
202,"Elkhorn sea moss_54",2013,752.060925
202,"Elkhorn sea moss_54",2014,1820.681775
202,"Elkhorn sea moss_54",2015,2892.79485
202,"Elkhorn sea moss_54",2016,2709.4530375
202,"Elkhorn sea moss_54",2017,2350.3701375
202,"Elkhorn sea moss_54",2018,1308.8653875
202,"Eucheuma seaweeds nei_55",1989,747
202,"Eucheuma seaweeds nei_55",1990,747
202,"Eucheuma seaweeds nei_55",1991,747
202,"Eucheuma seaweeds nei_55",1992,747
202,"Eucheuma seaweeds nei_55",1993,747
202,"Eucheuma seaweeds nei_55",1994,747
202,"Eucheuma seaweeds nei_55",1995,747
202,"Eucheuma seaweeds nei_55",1996,747
202,"Eucheuma seaweeds nei_55",1997,747
202,"Eucheuma seaweeds nei_55",1998,747
202,"Eucheuma seaweeds nei_55",1999,840.375
202,"Eucheuma seaweeds nei_55",2000,840.375
202,"Eucheuma seaweeds nei_55",2001,840.375
202,"Eucheuma seaweeds nei_55",2002,1027.125
202,"Eucheuma seaweeds nei_55",2003,1120.5
202,"Eucheuma seaweeds nei_55",2004,1494
202,"Eucheuma seaweeds nei_55",2005,1867.5
202,"Eucheuma seaweeds nei_55",2006,2091.6
202,"Eucheuma seaweeds nei_55",2007,2465.1
202,"Eucheuma seaweeds nei_55",2008,2838.6
202,"Eucheuma seaweeds nei_55",2009,3309.21
202,"Eucheuma seaweeds nei_55",2010,3997.38375
202,"Eucheuma seaweeds nei_55",2011,4483.08315
202,"Eucheuma seaweeds nei_55",2012,4765.07565
202,"Eucheuma seaweeds nei_55",2013,4983.3864
202,"Eucheuma seaweeds nei_55",2014,4949.7714
202,"Eucheuma seaweeds nei_55",2015,4977.6345
202,"Eucheuma seaweeds nei_55",2016,5162.517
202,"Eucheuma seaweeds nei_55",2017,5369.99625
202,"Eucheuma seaweeds nei_55",2018,4366.121625
202,"Spiny eucheuma_56",1990,6035.76
202,"Spiny eucheuma_56",1991,12344.175
202,"Spiny eucheuma_56",1992,13515.72
202,"Spiny eucheuma_56",1993,13438.53
202,"Spiny eucheuma_56",1994,16521.7725
202,"Spiny eucheuma_56",1995,19173.6225
202,"Spiny eucheuma_56",1996,24124.365
202,"Spiny eucheuma_56",1997,27670.7475
202,"Spiny eucheuma_56",1998,31118.1525
202,"Spiny eucheuma_56",1999,30651.2775
202,"Spiny eucheuma_56",2000,31056.525
202,"Spiny eucheuma_56",2001,37538.6175
202,"Spiny eucheuma_56",2002,48915.4275
202,"Spiny eucheuma_56",2003,58962.5775
202,"Spiny eucheuma_56",2004,62325.945
202,"Spiny eucheuma_56",2005,61944.975
202,"Spiny eucheuma_56",2006,56508.6825
202,"Spiny eucheuma_56",2007,55340.094375
202,"Spiny eucheuma_56",2008,62780.214375
202,"Spiny eucheuma_56",2009,68968.399725
202,"Spiny eucheuma_56",2010,78337.460475
202,"Spiny eucheuma_56",2011,86847.00435
202,"Spiny eucheuma_56",2012,94730.09535
202,"Spiny eucheuma_56",2013,95841.9675
202,"Spiny eucheuma_56",2014,96338.90925
202,"Spiny eucheuma_56",2015,103224.5685
202,"Spiny eucheuma_56",2016,95970.825
202,"Spiny eucheuma_56",2017,96179.985
202,"Spiny eucheuma_56",2018,91561.6575
203,"Red seaweeds_57",2001,104.58
203,"Red seaweeds_57",2002,256.47
203,"Red seaweeds_57",2003,415
203,"Red seaweeds_57",2004,468.12
203,"Red seaweeds_57",2005,610.05
203,"Red seaweeds_57",2006,811.74
203,"Red seaweeds_57",2007,1020.9
203,"Red seaweeds_57",2008,1596.09
203,"Red seaweeds_57",2009,2504.94
203,"Red seaweeds_57",2010,2861.01
203,"Red seaweeds_57",2011,3169.1475
203,"Red seaweeds_57",2012,3137.4
203,"Red seaweeds_57",2013,2760.7875
203,"Red seaweeds_57",2014,2567.8125
203,"Red seaweeds_57",2015,2334.375
203,"Red seaweeds_57",2016,1945.3125
203,"Red seaweeds_57",2017,2002.738125
203,"Red seaweeds_57",2018,2360.986875
205,"Elkhorn sea moss_58",2008,236.6496
205,"Elkhorn sea moss_58",2009,611.3448
205,"Elkhorn sea moss_58",2010,981.13719
205,"Elkhorn sea moss_58",2011,1215.8078625
205,"Elkhorn sea moss_58",2012,1814.0054625
205,"Elkhorn sea moss_58",2013,1896.1754625
205,"Elkhorn sea moss_58",2014,1897.38747
205,"Elkhorn sea moss_58",2015,1894.8402
205,"Elkhorn sea moss_58",2016,1243.6306245
205,"Elkhorn sea moss_58",2017,950.12965575
205,"Elkhorn sea moss_58",2018,797.31399825
206,"Elkhorn sea moss_59",2001,14790.6
206,"Elkhorn sea moss_59",2002,14790.6
206,"Elkhorn sea moss_59",2003,16434
206,"Elkhorn sea moss_59",2004,18364.995
206,"Elkhorn sea moss_59",2005,22473.495
206,"Elkhorn sea moss_59",2006,30485.07
206,"Elkhorn sea moss_59",2007,43221.42
206,"Elkhorn sea moss_59",2008,58956.975
206,"Elkhorn sea moss_59",2009,78472.35
206,"Elkhorn sea moss_59",2010,107848.125
206,"Elkhorn sea moss_59",2011,139370.59125
206,"Elkhorn sea moss_59",2012,185691.8745
206,"Elkhorn sea moss_59",2013,213718.25376
206,"Elkhorn sea moss_59",2014,223030.57986
206,"Elkhorn sea moss_59",2015,227408.2482375
206,"Elkhorn sea moss_59",2016,201627.2053125
206,"Elkhorn sea moss_59",2017,187973.505324
206,"Elkhorn sea moss_59",2018,173337.220584
206,"Spiny eucheuma_60",2001,644.661
206,"Spiny eucheuma_60",2002,647.649
206,"Spiny eucheuma_60",2003,680.766
206,"Spiny eucheuma_60",2004,799.6635
206,"Spiny eucheuma_60",2005,1011.99825
206,"Spiny eucheuma_60",2006,1409.589
206,"Spiny eucheuma_60",2007,2020.07475
206,"Spiny eucheuma_60",2008,2720.38725
206,"Spiny eucheuma_60",2009,3440.682
206,"Spiny eucheuma_60",2010,4354.263
206,"Spiny eucheuma_60",2011,3557.02725
206,"Spiny eucheuma_60",2012,2567.62575
206,"Spiny eucheuma_60",2013,1473.831
206,"Spiny eucheuma_60",2014,0
206,"Spiny eucheuma_60",2015,0
206,"Spiny eucheuma_60",2016,0
206,"Spiny eucheuma_60",2017,0
206,"Spiny eucheuma_60",2018,0
207,"Elkhorn sea moss_61",1998,4108.5
207,"Elkhorn sea moss_61",1999,4108.5
207,"Elkhorn sea moss_61",2000,4108.5
207,"Elkhorn sea moss_61",2001,4108.5
207,"Elkhorn sea moss_61",2002,4108.5
207,"Elkhorn sea moss_61",2003,4108.5
207,"Elkhorn sea moss_61",2004,4108.5
207,"Elkhorn sea moss_61",2005,4108.5
207,"Elkhorn sea moss_61",2006,4108.5
207,"Elkhorn sea moss_61",2007,4108.5
207,"Elkhorn sea moss_61",2008,4108.5
207,"Elkhorn sea moss_61",2009,4108.5
207,"Elkhorn sea moss_61",2010,4063.101075
207,"Elkhorn sea moss_61",2011,3939.64065
207,"Elkhorn sea moss_61",2012,4151.022975
207,"Elkhorn sea moss_61",2013,4164.581025
207,"Elkhorn sea moss_61",2014,4129.8642
207,"Elkhorn sea moss_61",2015,3916.2222
207,"Elkhorn sea moss_61",2016,3052.5127875
207,"Elkhorn sea moss_61",2017,2224.75275
207,"Elkhorn sea moss_61",2018,2381.409855
207,"Gracilaria seaweeds_62",1950,186.75
207,"Gracilaria seaweeds_62",1951,186.75
207,"Gracilaria seaweeds_62",1952,186.75
207,"Gracilaria seaweeds_62",1953,202.3125
207,"Gracilaria seaweeds_62",1954,217.875
207,"Gracilaria seaweeds_62",1955,233.4375
207,"Gracilaria seaweeds_62",1956,249
207,"Gracilaria seaweeds_62",1957,264.5625
207,"Gracilaria seaweeds_62",1958,280.125
207,"Gracilaria seaweeds_62",1959,295.6875
207,"Gracilaria seaweeds_62",1960,311.25
207,"Gracilaria seaweeds_62",1961,311.25
207,"Gracilaria seaweeds_62",1962,311.25
207,"Gracilaria seaweeds_62",1963,311.25
207,"Gracilaria seaweeds_62",1964,326.8125
207,"Gracilaria seaweeds_62",1965,342.375
207,"Gracilaria seaweeds_62",1966,357.9375
207,"Gracilaria seaweeds_62",1967,373.5
207,"Gracilaria seaweeds_62",1968,373.5
207,"Gracilaria seaweeds_62",1969,373.5
207,"Gracilaria seaweeds_62",1970,373.5
207,"Gracilaria seaweeds_62",1971,404.625
207,"Gracilaria seaweeds_62",1972,435.75
207,"Gracilaria seaweeds_62",1973,466.875
207,"Gracilaria seaweeds_62",1974,498
207,"Gracilaria seaweeds_62",1975,498
207,"Gracilaria seaweeds_62",1976,498
207,"Gracilaria seaweeds_62",1977,498
207,"Gracilaria seaweeds_62",1978,529.125
207,"Gracilaria seaweeds_62",1979,560.25
207,"Gracilaria seaweeds_62",1980,591.375
207,"Gracilaria seaweeds_62",1981,622.5
207,"Gracilaria seaweeds_62",1982,622.5
207,"Gracilaria seaweeds_62",1983,622.5
207,"Gracilaria seaweeds_62",1984,622.5
207,"Gracilaria seaweeds_62",1985,700.3125
207,"Gracilaria seaweeds_62",1986,809.25
207,"Gracilaria seaweeds_62",1987,918.1875
207,"Gracilaria seaweeds_62",1988,1027.125
207,"Gracilaria seaweeds_62",1989,1058.25
207,"Gracilaria seaweeds_62",1990,1104.9375
207,"Gracilaria seaweeds_62",1991,1307.25
207,"Gracilaria seaweeds_62",1992,1820.8125
207,"Gracilaria seaweeds_62",1993,2334.375
207,"Gracilaria seaweeds_62",1994,2956.875
207,"Gracilaria seaweeds_62",1995,3735
207,"Gracilaria seaweeds_62",1996,4357.5
207,"Gracilaria seaweeds_62",1997,5135.625
207,"Gracilaria seaweeds_62",1998,5758.125
207,"Gracilaria seaweeds_62",1999,6069.375
207,"Gracilaria seaweeds_62",2000,6225
207,"Gracilaria seaweeds_62",2001,6225
207,"Gracilaria seaweeds_62",2002,6225
207,"Gracilaria seaweeds_62",2003,6225
207,"Gracilaria seaweeds_62",2004,6225
207,"Gracilaria seaweeds_62",2005,6225
207,"Gracilaria seaweeds_62",2006,6225
207,"Gracilaria seaweeds_62",2007,6225
207,"Gracilaria seaweeds_62",2008,6225
207,"Gracilaria seaweeds_62",2009,6225
207,"Gracilaria seaweeds_62",2010,6760.66125
207,"Gracilaria seaweeds_62",2011,6920.799375
207,"Gracilaria seaweeds_62",2012,7491.165
207,"Gracilaria seaweeds_62",2013,7416.309375
207,"Gracilaria seaweeds_62",2014,6975.42375
207,"Gracilaria seaweeds_62",2015,6774.6675
207,"Gracilaria seaweeds_62",2016,6103.6125
207,"Gracilaria seaweeds_62",2017,6144.38625
207,"Gracilaria seaweeds_62",2018,6664.3138125
209,"Brown seaweeds_63",1978,2058.555
209,"Brown seaweeds_63",1979,2531.925
209,"Brown seaweeds_63",1980,2818.365
209,"Brown seaweeds_63",1981,2926.36125
209,"Brown seaweeds_63",1982,3207.105
209,"Brown seaweeds_63",1983,3757.665
209,"Brown seaweeds_63",1984,7105.31625
209,"Brown seaweeds_63",1985,14139.60375
209,"Brown seaweeds_63",1986,34721.43375
209,"Brown seaweeds_63",1987,51778.9125
209,"Brown seaweeds_63",1988,69748.8375
209,"Brown seaweeds_63",1989,75284.6625
209,"Brown seaweeds_63",1990,76664.55
209,"Brown seaweeds_63",1991,91577.1
209,"Brown seaweeds_63",1992,119325.975
209,"Brown seaweeds_63",1993,176080.3875
209,"Brown seaweeds_63",1994,231399.1125
209,"Brown seaweeds_63",1995,271857.6
209,"Brown seaweeds_63",1996,276698.83125
209,"Brown seaweeds_63",1997,256862.745
209,"Brown seaweeds_63",1998,383813.67375
209,"Brown seaweeds_63",1999,555211.86
209,"Brown seaweeds_63",2000,831743.175
209,"Brown seaweeds_63",2001,1147701.1425
209,"Brown seaweeds_63",2002,1343159.7075
209,"Brown seaweeds_63",2003,1355263.6575
209,"Brown seaweeds_63",2004,1281834.22875
209,"Brown seaweeds_63",2005,1127956.89375
209,"Brown seaweeds_63",2006,995959.0875
209,"Brown seaweeds_63",2007,1002038.61375
209,"Brown seaweeds_63",2008,1027240.68375
209,"Brown seaweeds_63",2009,1099303.4775
209,"Brown seaweeds_63",2010,1181842.14
209,"Brown seaweeds_63",2011,1236597.285
209,"Brown seaweeds_63",2012,1264710.0225
209,"Brown seaweeds_63",2013,1296363.5025
209,"Brown seaweeds_63",2014,992122.95375
209,"Brown seaweeds_63",2015,724528.24125
209,"Brown seaweeds_63",2016,506726.89125
209,"Brown seaweeds_63",2017,267880.57125
209,"Brown seaweeds_63",2018,324141.27
209,"Dark green nori_64",2003,20.2022
209,"Dark green nori_64",2004,22.0116
209,"Dark green nori_64",2005,30.0183333333333
209,"Dark green nori_64",2006,43.59575
209,"Dark green nori_64",2007,60.43645
209,"Dark green nori_64",2008,80.5017
209,"Dark green nori_64",2009,90.7356
209,"Dark green nori_64",2010,92.107175
209,"Dark green nori_64",2011,88.214475
209,"Dark green nori_64",2012,79.89165
209,"Dark green nori_64",2013,66.86895
209,"Dark green nori_64",2014,46.399075
209,"Dark green nori_64",2015,30.388375
209,"Dark green nori_64",2016,20.0362
209,"Dark green nori_64",2017,18.37205
209,"Dark green nori_64",2018,16.38835
209,"Eucheuma seaweeds nei_65",2003,47817.711
209,"Eucheuma seaweeds nei_65",2004,55875.9735
209,"Eucheuma seaweeds nei_65",2005,60455.457
209,"Eucheuma seaweeds nei_65",2006,61043.53275
209,"Eucheuma seaweeds nei_65",2007,65306.475
209,"Eucheuma seaweeds nei_65",2008,61879.986
209,"Eucheuma seaweeds nei_65",2009,56641.08825
209,"Eucheuma seaweeds nei_65",2010,52585.25175
209,"Eucheuma seaweeds nei_65",2011,47368.764
209,"Eucheuma seaweeds nei_65",2012,51969.9105
209,"Eucheuma seaweeds nei_65",2013,56349.38475
209,"Eucheuma seaweeds nei_65",2014,52353.1215
209,"Eucheuma seaweeds nei_65",2015,50305.03425
209,"Eucheuma seaweeds nei_65",2016,42697.21275
209,"Eucheuma seaweeds nei_65",2017,36665.18775
209,"Eucheuma seaweeds nei_65",2018,32414.1975
209,"Gracilaria seaweeds_66",2003,282040.2
209,"Gracilaria seaweeds_66",2004,388919.30625
209,"Gracilaria seaweeds_66",2005,442484.7125
209,"Gracilaria seaweeds_66",2006,473522.409375
209,"Gracilaria seaweeds_66",2007,561512.390625
209,"Gracilaria seaweeds_66",2008,619961.1
209,"Gracilaria seaweeds_66",2009,680030.653125
209,"Gracilaria seaweeds_66",2010,715809.703125
209,"Gracilaria seaweeds_66",2011,787245.88125
209,"Gracilaria seaweeds_66",2012,905372.559375
209,"Gracilaria seaweeds_66",2013,1083317.1375
209,"Gracilaria seaweeds_66",2014,1305309.140625
209,"Gracilaria seaweeds_66",2015,1487772.95625
209,"Gracilaria seaweeds_66",2016,1643989.621875
209,"Gracilaria seaweeds_66",2017,1760520.796875
209,"Gracilaria seaweeds_66",2018,1887576.61875
209,"Japanese isinglass_67",2003,683.6295
209,"Japanese isinglass_67",2004,738.43025
209,"Japanese isinglass_67",2005,722.266
209,"Japanese isinglass_67",2006,1133.0745
209,"Japanese isinglass_67",2007,1159.292125
209,"Japanese isinglass_67",2008,1197.534375
209,"Japanese isinglass_67",2009,1258.84025
209,"Japanese isinglass_67",2010,897.115875
209,"Japanese isinglass_67",2011,699.990875
209,"Japanese isinglass_67",2012,1241.690375
209,"Japanese isinglass_67",2013,1007.900125
209,"Japanese isinglass_67",2014,778.2495
209,"Japanese isinglass_67",2015,778.2495
209,"Japanese isinglass_67",2016,0
209,"Japanese isinglass_67",2017,0
209,"Japanese isinglass_67",2018,0
209,"Japanese kelp_68",1952,36.769
209,"Japanese kelp_68",1953,56.9795
209,"Japanese kelp_68",1954,95.1733333333333
209,"Japanese kelp_68",1955,160.2315
209,"Japanese kelp_68",1956,245.182
209,"Japanese kelp_68",1957,590.047
209,"Japanese kelp_68",1958,1599.76275
209,"Japanese kelp_68",1959,5597.8105
209,"Japanese kelp_68",1960,12517.16775
209,"Japanese kelp_68",1961,19166.50525
209,"Japanese kelp_68",1962,25127.39925
209,"Japanese kelp_68",1963,29456.7
209,"Japanese kelp_68",1964,33664.8
209,"Japanese kelp_68",1965,37872.9
209,"Japanese kelp_68",1966,44886.4
209,"Japanese kelp_68",1967,50497.2
209,"Japanese kelp_68",1968,53302.6
209,"Japanese kelp_68",1969,58913.4
209,"Japanese kelp_68",1970,59749.4175
209,"Japanese kelp_68",1971,64512.995
209,"Japanese kelp_68",1972,72752.4465
209,"Japanese kelp_68",1973,74679.748
209,"Japanese kelp_68",1974,80114.77475
209,"Japanese kelp_68",1975,83759.118
209,"Japanese kelp_68",1976,82592.9265
209,"Japanese kelp_68",1977,95002.7545
209,"Japanese kelp_68",1978,109970.269
209,"Japanese kelp_68",1979,121219.36275
209,"Japanese kelp_68",1980,135594.361
209,"Japanese kelp_68",1981,135216.628
209,"Japanese kelp_68",1982,130664.30625
209,"Japanese kelp_68",1983,129424.1825
209,"Japanese kelp_68",1984,129109.13525
209,"Japanese kelp_68",1985,133923.34275
209,"Japanese kelp_68",1986,131746.21125
209,"Japanese kelp_68",1987,124396.6235
209,"Japanese kelp_68",1988,119592.93625
209,"Japanese kelp_68",1989,122268.44125
209,"Japanese kelp_68",1990,128001.1475
209,"Japanese kelp_68",1991,152935.551
209,"Japanese kelp_68",1992,191890.50125
209,"Japanese kelp_68",1993,238027.2755
209,"Japanese kelp_68",1994,292675.762
209,"Japanese kelp_68",1995,333043.49675
209,"Japanese kelp_68",1996,368071.302
209,"Japanese kelp_68",1997,387058.2575
209,"Japanese kelp_68",1998,398906.0095
209,"Japanese kelp_68",1999,420238.711
209,"Japanese kelp_68",2000,418672.5425
209,"Japanese kelp_68",2001,413556.89975
209,"Japanese kelp_68",2002,416247.822
209,"Japanese kelp_68",2003,405062.51375
209,"Japanese kelp_68",2004,400611.97075
209,"Japanese kelp_68",2005,408187.8165
209,"Japanese kelp_68",2006,411616.4635
209,"Japanese kelp_68",2007,419847.947
209,"Japanese kelp_68",2008,433425.917
209,"Japanese kelp_68",2009,442358.4185
209,"Japanese kelp_68",2010,455755.905
209,"Japanese kelp_68",2011,468413.21825
209,"Japanese kelp_68",2012,488106.08875
209,"Japanese kelp_68",2013,509943.30575
209,"Japanese kelp_68",2014,572121.656
209,"Japanese kelp_68",2015,644336.0965
209,"Japanese kelp_68",2016,713761.80174
209,"Japanese kelp_68",2017,785658.33564
209,"Japanese kelp_68",2018,816764.14189
209,"Nori nei_69",1971,242.66666655
209,"Nori nei_69",1972,243.0133332165
209,"Nori nei_69",1973,256.071110988
209,"Nori nei_69",1974,257.625333209475
209,"Nori nei_69",1975,274.369333201425
209,"Nori nei_69",1976,307.04266651905
209,"Nori nei_69",1977,395.806666476375
209,"Nori nei_69",1978,476.302666437675
209,"Nori nei_69",1979,513.811999752975
209,"Nori nei_69",1980,545.3066664045
209,"Nori nei_69",1981,507.83199975585
209,"Nori nei_69",1982,479.89066643595
209,"Nori nei_69",1983,538.078666407975
209,"Nori nei_69",1984,587.617333050825
209,"Nori nei_69",1985,625.195999699425
209,"Nori nei_69",1986,654.107999685525
209,"Nori nei_69",1987,642.494666357775
209,"Nori nei_69",1988,627.77866636485
209,"Nori nei_69",1989,628.7839996977
209,"Nori nei_69",1990,573.507999724275
209,"Nori nei_69",1991,613.91199970485
209,"Nori nei_69",1992,729.6639996492
209,"Nori nei_69",1993,904.1759995653
209,"Nori nei_69",1994,1315.07999936775
209,"Nori nei_69",1995,1643.84133254303
209,"Nori nei_69",1996,1894.63733242245
209,"Nori nei_69",1997,2079.9306656667
209,"Nori nei_69",1998,2149.50146563325
209,"Nori nei_69",1999,2253.56039891656
209,"Nori nei_69",2000,2463.69759881553
209,"Nori nei_69",2001,2832.62026530483
209,"Nori nei_69",2002,3279.14946509015
209,"Nori nei_69",2003,3748.41479819788
209,"Nori nei_69",2004,4240.59479796125
209,"Nori nei_69",2005,4570.14133113615
209,"Nori nei_69",2006,4976.34799760753
209,"Nori nei_69",2007,5439.59173071815
209,"Nori nei_69",2008,5622.97319729665
209,"Nori nei_69",2009,6245.67319699727
209,"Nori nei_69",2010,6624.53999681513
209,"Nori nei_69",2011,6754.85893008581
209,"Nori nei_69",2012,7208.55026320102
209,"Nori nei_69",2013,7256.74732984451
209,"Nori nei_69",2014,7344.25986313577
209,"Nori nei_69",2015,7570.54479636032
209,"Nori nei_69",2016,7980.38279616328
209,"Nori nei_69",2017,9094.74452896086
209,"Nori nei_69",2018,10700.8945281887
209,"Wakame_70",2003,12542.4205
209,"Wakame_70",2004,14245.29415
209,"Wakame_70",2005,15292.3626666667
209,"Wakame_70",2006,14885.3445
209,"Wakame_70",2007,14659.449625
209,"Wakame_70",2008,13411.843425
209,"Wakame_70",2009,11781.1528
209,"Wakame_70",2010,10562.706575
209,"Wakame_70",2011,10306.7989
209,"Wakame_70",2012,11049.455925
209,"Wakame_70",2013,11711.932875
209,"Wakame_70",2014,13542.0393
209,"Wakame_70",2015,14714.266975
209,"Wakame_70",2016,14385.19895
209,"Wakame_70",2017,14467.78395
209,"Wakame_70",2018,14081.7385
210,"Japanese kelp_71",1950,391.511
210,"Japanese kelp_71",1951,320.2555
210,"Japanese kelp_71",1952,268.837
210,"Japanese kelp_71",1953,243.12775
210,"Japanese kelp_71",1954,186.75
210,"Japanese kelp_71",1955,166
210,"Japanese kelp_71",1956,170.15
210,"Japanese kelp_71",1957,149.4
210,"Japanese kelp_71",1958,128.65
210,"Japanese kelp_71",1959,118.275
210,"Japanese kelp_71",1960,93.375
210,"Japanese kelp_71",1961,89.225
210,"Japanese kelp_71",1962,99.6
210,"Japanese kelp_71",1963,80.925
210,"Japanese kelp_71",1964,72.625
210,"Japanese kelp_71",1965,68.475
210,"Japanese kelp_71",1966,53.95
210,"Japanese kelp_71",1967,56.025
210,"Japanese kelp_71",1968,53.95
210,"Japanese kelp_71",1969,51.875
210,"Japanese kelp_71",1970,41.168
210,"Japanese kelp_71",1971,40.44175
210,"Japanese kelp_71",1972,99.37175
210,"Japanese kelp_71",1973,248.3775
210,"Japanese kelp_71",1974,454.15525
210,"Japanese kelp_71",1975,767.35575
210,"Japanese kelp_71",1976,1156.356
210,"Japanese kelp_71",1977,1562.392
210,"Japanese kelp_71",1978,1804.93875
210,"Japanese kelp_71",1979,2002.72775
210,"Japanese kelp_71",1980,2344.584
210,"Japanese kelp_71",1981,2696.753
210,"Japanese kelp_71",1982,3134.3705
210,"Japanese kelp_71",1983,3529.741
210,"Japanese kelp_71",1984,4031.7665
210,"Japanese kelp_71",1985,4226.2355
210,"Japanese kelp_71",1986,4457.86775
210,"Japanese kelp_71",1987,4566.5355
210,"Japanese kelp_71",1988,4503.0405
210,"Japanese kelp_71",1989,4726.933
210,"Japanese kelp_71",1990,4730.1285
210,"Japanese kelp_71",1991,4585.64625
210,"Japanese kelp_71",1992,4860.12725
210,"Japanese kelp_71",1993,4768.4745
210,"Japanese kelp_71",1994,4840.2695
210,"Japanese kelp_71",1995,5098.33725
210,"Japanese kelp_71",1996,4853.425
210,"Japanese kelp_71",1997,4856.26775
210,"Japanese kelp_71",1998,4697.86225
210,"Japanese kelp_71",1999,4556.6585
210,"Japanese kelp_71",2000,4405.70225
210,"Japanese kelp_71",2001,4469.965
210,"Japanese kelp_71",2002,4490.81875
210,"Japanese kelp_71",2003,4547.404
210,"Japanese kelp_71",2004,4410.6615
210,"Japanese kelp_71",2005,4022.40825
210,"Japanese kelp_71",2006,3819.2865
210,"Japanese kelp_71",2007,3619.63
210,"Japanese kelp_71",2008,3613.01075
210,"Japanese kelp_71",2009,3528.10175
210,"Japanese kelp_71",2010,3567.77575
210,"Japanese kelp_71",2011,3230.36
210,"Japanese kelp_71",2012,2964.9675
210,"Japanese kelp_71",2013,2861.48725
210,"Japanese kelp_71",2014,2646.64175
210,"Japanese kelp_71",2015,2928.34375
210,"Japanese kelp_71",2016,2781.4545
210,"Japanese kelp_71",2017,2720.30425
210,"Japanese kelp_71",2018,2728.6665
210,"Laver (Nori)_72",1950,153.3
210,"Laver (Nori)_72",1951,166.075
210,"Laver (Nori)_72",1952,212.916666666667
210,"Laver (Nori)_72",1953,228.590375
210,"Laver (Nori)_72",1954,268.69475
210,"Laver (Nori)_72",1955,326.529
210,"Laver (Nori)_72",1956,369.60265
210,"Laver (Nori)_72",1957,483.70165
210,"Laver (Nori)_72",1958,519.36215
210,"Laver (Nori)_72",1959,554.071825
210,"Laver (Nori)_72",1960,617.6822
210,"Laver (Nori)_72",1961,703.647
210,"Laver (Nori)_72",1962,871.7587
210,"Laver (Nori)_72",1963,998.27135
210,"Laver (Nori)_72",1964,1019.0654
210,"Laver (Nori)_72",1965,1006.97295
210,"Laver (Nori)_72",1966,959.174375
210,"Laver (Nori)_72",1967,982.93405
210,"Laver (Nori)_72",1968,1043.3744
210,"Laver (Nori)_72",1969,1031.634175
210,"Laver (Nori)_72",1970,1219.652975
210,"Laver (Nori)_72",1971,1379.150675
210,"Laver (Nori)_72",1972,1512.2607
210,"Laver (Nori)_72",1973,1835.44995
210,"Laver (Nori)_72",1974,2032.2762
210,"Laver (Nori)_72",1975,2092.831525
210,"Laver (Nori)_72",1976,2226.319325
210,"Laver (Nori)_72",1977,2167.22765
210,"Laver (Nori)_72",1978,2187.589175
210,"Laver (Nori)_72",1979,2274.38435
210,"Laver (Nori)_72",1980,2395.9695
210,"Laver (Nori)_72",1981,2508.168675
210,"Laver (Nori)_72",1982,2349.1035
210,"Laver (Nori)_72",1983,2412.9931
210,"Laver (Nori)_72",1984,2483.90895
210,"Laver (Nori)_72",1985,2504.4913
210,"Laver (Nori)_72",1986,2759.6263
210,"Laver (Nori)_72",1987,2687.6191
210,"Laver (Nori)_72",1988,2772.0728
210,"Laver (Nori)_72",1989,2866.06395
210,"Laver (Nori)_72",1990,2837.106675
210,"Laver (Nori)_72",1991,2986.9848
210,"Laver (Nori)_72",1992,2877.482975
210,"Laver (Nori)_72",1993,2803.8716
210,"Laver (Nori)_72",1994,2978.982175
210,"Laver (Nori)_72",1995,2985.628825
210,"Laver (Nori)_72",1996,2967.1872
210,"Laver (Nori)_72",1997,3021.329475
210,"Laver (Nori)_72",1998,2863.31915
210,"Laver (Nori)_72",1999,2868.511275
210,"Laver (Nori)_72",2000,2903.1516
210,"Laver (Nori)_72",2001,2867.562275
210,"Laver (Nori)_72",2002,2939.496475
210,"Laver (Nori)_72",2003,2825.441275
210,"Laver (Nori)_72",2004,2765.668875
210,"Laver (Nori)_72",2005,2790.2206
210,"Laver (Nori)_72",2006,2665.476375
210,"Laver (Nori)_72",2007,2753.84835
210,"Laver (Nori)_72",2008,2716.6074
210,"Laver (Nori)_72",2009,2636.39135
210,"Laver (Nori)_72",2010,2565.2565
210,"Laver (Nori)_72",2011,2376.4931
210,"Laver (Nori)_72",2012,2382.072125
210,"Laver (Nori)_72",2013,2333.906725
210,"Laver (Nori)_72",2014,2237.96465
210,"Laver (Nori)_72",2015,2247.135275
210,"Laver (Nori)_72",2016,2172.49825
210,"Laver (Nori)_72",2017,2150.74425
210,"Laver (Nori)_72",2018,2165.473825
210,"Seaweeds nei_73",1977,7.968
210,"Seaweeds nei_73",1978,16.0605
210,"Seaweeds nei_73",1979,58.8885
210,"Seaweeds nei_73",1980,134.553375
210,"Seaweeds nei_73",1981,298.4265
210,"Seaweeds nei_73",1982,351.15225
210,"Seaweeds nei_73",1983,387.412875
210,"Seaweeds nei_73",1984,418.226625
210,"Seaweeds nei_73",1985,404.2515
210,"Seaweeds nei_73",1986,519.97425
210,"Seaweeds nei_73",1987,680.82825
210,"Seaweeds nei_73",1988,725.617125
210,"Seaweeds nei_73",1989,866.986875
210,"Seaweeds nei_73",1990,1020.682125
210,"Seaweeds nei_73",1991,1110.508875
210,"Seaweeds nei_73",1992,1265.916
210,"Seaweeds nei_73",1993,1393.870875
210,"Seaweeds nei_73",1994,1376.938875
210,"Seaweeds nei_73",1995,1286.76975
210,"Seaweeds nei_73",1996,1198.37475
210,"Seaweeds nei_73",1997,1096.03575
210,"Seaweeds nei_73",1998,972.127125
210,"Seaweeds nei_73",1999,1381.701
210,"Seaweeds nei_73",2000,1658.246625
210,"Seaweeds nei_73",2001,1904.28975
210,"Seaweeds nei_73",2002,2245.450875
210,"Seaweeds nei_73",2003,2209.9995
210,"Seaweeds nei_73",2004,2197.456125
210,"Seaweeds nei_73",2005,2055.744
210,"Seaweeds nei_73",2006,2210.528625
210,"Seaweeds nei_73",2007,2306.3625
210,"Seaweeds nei_73",2008,2306.3625
210,"Seaweeds nei_73",2009,2262.694125
210,"Seaweeds nei_73",2010,1842.4755
210,"Seaweeds nei_73",2011,1561.23
210,"Seaweeds nei_73",2012,1583.5155
210,"Seaweeds nei_73",2013,1705.494375
210,"Seaweeds nei_73",2014,2070.092625
210,"Seaweeds nei_73",2015,2121.199875
210,"Seaweeds nei_73",2016,2093.2185
210,"Seaweeds nei_73",2017,2212.614
210,"Seaweeds nei_73",2018,2285.25975
210,"Wakame_74",1950,54.8049
210,"Wakame_74",1951,52.30245
210,"Wakame_74",1952,51.4683
210,"Wakame_74",1953,51.051225
210,"Wakame_74",1954,50.8375
210,"Wakame_74",1955,51.875
210,"Wakame_74",1956,52.9125
210,"Wakame_74",1957,54.9875
210,"Wakame_74",1958,58.1
210,"Wakame_74",1959,61.2125
210,"Wakame_74",1960,67.4375
210,"Wakame_74",1961,71.5875
210,"Wakame_74",1962,74.7
210,"Wakame_74",1963,78.85
210,"Wakame_74",1964,81.9625
210,"Wakame_74",1965,89.301775
210,"Wakame_74",1966,148.04295
210,"Wakame_74",1967,247.80895
210,"Wakame_74",1968,384.1323
210,"Wakame_74",1969,482.2466
210,"Wakame_74",1970,562.235775
210,"Wakame_74",1971,639.1664
210,"Wakame_74",1972,699.542675
210,"Wakame_74",1973,810.326925
210,"Wakame_74",1974,970.940225
210,"Wakame_74",1975,985.012875
210,"Wakame_74",1976,1028.438475
210,"Wakame_74",1977,1054.629125
210,"Wakame_74",1978,948.638125
210,"Wakame_74",1979,952.485175
210,"Wakame_74",1980,925.11385
210,"Wakame_74",1981,853.420525
210,"Wakame_74",1982,885.910875
210,"Wakame_74",1983,904.677175
210,"Wakame_74",1984,906.864225
210,"Wakame_74",1985,950.6322
210,"Wakame_74",1986,986.490275
210,"Wakame_74",1987,992.8875
210,"Wakame_74",1988,984.489975
210,"Wakame_74",1989,976.347675
210,"Wakame_74",1990,929.35515
210,"Wakame_74",1991,894.4412
210,"Wakame_74",1992,898.099425
210,"Wakame_74",1993,858.944175
210,"Wakame_74",1994,807.704125
210,"Wakame_74",1995,808.69805
210,"Wakame_74",1996,738.285
210,"Wakame_74",1997,697.762325
210,"Wakame_74",1998,661.2195
210,"Wakame_74",1999,614.517475
210,"Wakame_74",2000,590.256575
210,"Wakame_74",2001,563.12595
210,"Wakame_74",2002,528.14975
210,"Wakame_74",2003,492.4722
210,"Wakame_74",2004,483.2592
210,"Wakame_74",2005,495.927075
210,"Wakame_74",2006,506.881
210,"Wakame_74",2007,495.217425
210,"Wakame_74",2008,480.0139
210,"Wakame_74",2009,476.139875
210,"Wakame_74",2010,462.23945
210,"Wakame_74",2011,388.5811
210,"Wakame_74",2012,374.95665
210,"Wakame_74",2013,352.959575
210,"Wakame_74",2014,337.0298
210,"Wakame_74",2015,399.6948
210,"Wakame_74",2016,398.302475
210,"Wakame_74",2017,399.339975
210,"Wakame_74",2018,409.889275
212,"Eucheuma seaweeds nei_75",1986,1120.5
212,"Eucheuma seaweeds nei_75",1987,681.264
212,"Eucheuma seaweeds nei_75",1988,556.515
212,"Eucheuma seaweeds nei_75",1989,639.99225
212,"Eucheuma seaweeds nei_75",1990,1308.55725
212,"Eucheuma seaweeds nei_75",1991,2773.42425
212,"Eucheuma seaweeds nei_75",1992,3345.066
212,"Eucheuma seaweeds nei_75",1993,3427.236
212,"Eucheuma seaweeds nei_75",1994,3070.17
212,"Eucheuma seaweeds nei_75",1995,2524.86
212,"Eucheuma seaweeds nei_75",1996,3646.854
212,"Eucheuma seaweeds nei_75",1997,4719.546
212,"Eucheuma seaweeds nei_75",1998,5236.8435
212,"Eucheuma seaweeds nei_75",1999,6011.4825
212,"Eucheuma seaweeds nei_75",2000,6327.837
212,"Eucheuma seaweeds nei_75",2001,6680.421
212,"Eucheuma seaweeds nei_75",2002,6364.8135
212,"Eucheuma seaweeds nei_75",2003,5339.1825
212,"Eucheuma seaweeds nei_75",2004,3981.51
212,"Eucheuma seaweeds nei_75",2005,3185.208
212,"Eucheuma seaweeds nei_75",2006,4042.20375
212,"Eucheuma seaweeds nei_75",2007,3520.79775
212,"Eucheuma seaweeds nei_75",2008,2993.882625
212,"Eucheuma seaweeds nei_75",2009,2394.004275
212,"Eucheuma seaweeds nei_75",2010,1629.823275
212,"Eucheuma seaweeds nei_75",2011,2223.314775
212,"Eucheuma seaweeds nei_75",2012,3567.4479
212,"Eucheuma seaweeds nei_75",2013,3653.76375
212,"Eucheuma seaweeds nei_75",2014,3436.2
212,"Eucheuma seaweeds nei_75",2015,3307.3425
212,"Eucheuma seaweeds nei_75",2016,2442.69
212,"Eucheuma seaweeds nei_75",2017,2704.14
212,"Eucheuma seaweeds nei_75",2018,2717.2125
216,"Eucheuma seaweeds nei_76",2000,147328.569
216,"Eucheuma seaweeds nei_76",2001,149287.95
216,"Eucheuma seaweeds nei_76",2002,152582.22
216,"Eucheuma seaweeds nei_76",2003,155876.49
216,"Eucheuma seaweeds nei_76",2004,193364.12475
216,"Eucheuma seaweeds nei_76",2005,317349.31725
216,"Eucheuma seaweeds nei_76",2006,473644.12725
216,"Eucheuma seaweeds nei_76",2007,709650.18675
216,"Eucheuma seaweeds nei_76",2008,997175.529
216,"Eucheuma seaweeds nei_76",2009,1356726.23775
216,"Eucheuma seaweeds nei_76",2010,1795483.41075
216,"Eucheuma seaweeds nei_76",2011,2365772.904
216,"Eucheuma seaweeds nei_76",2012,3075627.76875
216,"Eucheuma seaweeds nei_76",2013,4108649.4
216,"Eucheuma seaweeds nei_76",2014,5149225.44225
216,"Eucheuma seaweeds nei_76",2015,6189926.04675
216,"Eucheuma seaweeds nei_76",2016,6928188.5726325
216,"Eucheuma seaweeds nei_76",2017,7145805.3596325
216,"Eucheuma seaweeds nei_76",2018,7189366.8513825
216,"Gracilaria seaweeds_77",2000,5100
216,"Gracilaria seaweeds_77",2001,5737.5
216,"Gracilaria seaweeds_77",2002,5950
216,"Gracilaria seaweeds_77",2003,6056.25
216,"Gracilaria seaweeds_77",2004,6790.33125
216,"Gracilaria seaweeds_77",2005,12249.403125
216,"Gracilaria seaweeds_77",2006,29780.653125
216,"Gracilaria seaweeds_77",2007,66886.5
216,"Gracilaria seaweeds_77",2008,97942.95
216,"Gracilaria seaweeds_77",2009,118281.590625
216,"Gracilaria seaweeds_77",2010,181327.3125
216,"Gracilaria seaweeds_77",2011,243159.553125
216,"Gracilaria seaweeds_77",2012,333795.478125
216,"Gracilaria seaweeds_77",2013,461828.26875
216,"Gracilaria seaweeds_77",2014,555851.1675
216,"Gracilaria seaweeds_77",2015,639753.49875
216,"Gracilaria seaweeds_77",2016,732547.08075
216,"Gracilaria seaweeds_77",2017,745901.7495
216,"Gracilaria seaweeds_77",2018,588127.735125
216,"Red seaweeds_78",1950,6.225
216,"Red seaweeds_78",1951,9.3375
216,"Red seaweeds_78",1952,10.375
216,"Red seaweeds_78",1953,12.45
216,"Red seaweeds_78",1954,17.11875
216,"Red seaweeds_78",1955,21.7875
216,"Red seaweeds_78",1956,28.0125
216,"Red seaweeds_78",1957,35.79375
216,"Red seaweeds_78",1958,45.13125
216,"Red seaweeds_78",1959,56.025
216,"Red seaweeds_78",1960,71.5875
216,"Red seaweeds_78",1961,90.2625
216,"Red seaweeds_78",1962,115.1625
216,"Red seaweeds_78",1963,147.84375
216,"Red seaweeds_78",1964,188.30625
216,"Red seaweeds_78",1965,241.21875
216,"Red seaweeds_78",1966,308.1375
216,"Red seaweeds_78",1967,393.73125
216,"Red seaweeds_78",1968,504.225
216,"Red seaweeds_78",1969,644.2875
216,"Red seaweeds_78",1970,823.100625
216,"Red seaweeds_78",1971,1191.620625
216,"Red seaweeds_78",1972,1490.265
216,"Red seaweeds_78",1973,1757.3175
216,"Red seaweeds_78",1974,1939.243125
216,"Red seaweeds_78",1975,2745.069375
216,"Red seaweeds_78",1976,5664.905625
216,"Red seaweeds_78",1977,9405.508125
216,"Red seaweeds_78",1978,13992.088125
216,"Red seaweeds_78",1979,18543.808125
216,"Red seaweeds_78",1980,21806.175
216,"Red seaweeds_78",1981,25010.1825
216,"Red seaweeds_78",1982,28155.830625
216,"Red seaweeds_78",1983,31243.119375
216,"Red seaweeds_78",1984,33923.915625
216,"Red seaweeds_78",1985,35548.17375
216,"Red seaweeds_78",1986,39402.849375
216,"Red seaweeds_78",1987,42902.544375
216,"Red seaweeds_78",1988,46793.169375
216,"Red seaweeds_78",1989,50183.14875
216,"Red seaweeds_78",1990,53690.625
216,"Red seaweeds_78",1991,55246.875
216,"Red seaweeds_78",1992,56803.125
216,"Red seaweeds_78",1993,61471.875
216,"Red seaweeds_78",1994,61783.125
216,"Red seaweeds_78",1995,63650.625
216,"Red seaweeds_78",1996,71898.75
216,"Red seaweeds_78",1997,72676.875
216,"Red seaweeds_78",1998,75043.93125
216,"Red seaweeds_78",1999,79980.35625
216,"Red seaweeds_78",2000,56947.85625
216,"Red seaweeds_78",2001,39050.98125
216,"Red seaweeds_78",2002,20810.175
216,"Red seaweeds_78",2003,0
216,"Red seaweeds_78",2004,0
216,"Red seaweeds_78",2005,0
216,"Red seaweeds_78",2006,0
216,"Red seaweeds_78",2007,0
216,"Red seaweeds_78",2008,0
216,"Red seaweeds_78",2009,0
216,"Red seaweeds_78",2010,0
216,"Red seaweeds_78",2011,0
216,"Red seaweeds_78",2012,0
216,"Red seaweeds_78",2013,0
216,"Red seaweeds_78",2014,0
216,"Red seaweeds_78",2015,0
216,"Red seaweeds_78",2016,0
216,"Red seaweeds_78",2017,0
216,"Red seaweeds_78",2018,0
223,"Sea belt_79",2015,38.6365
223,"Sea belt_79",2016,32.478315
223,"Sea belt_79",2017,58.38054
223,"Sea belt_79",2018,78.00433375
224,"Giant kelp_80",2008,0.747
224,"Giant kelp_80",2009,2.241
224,"Giant kelp_80",2010,4.482
224,"Giant kelp_80",2011,3.3615
224,"Giant kelp_80",2012,3.17475
224,"Giant kelp_80",2013,2.241
224,"Giant kelp_80",2014,0.3735
224,"Giant kelp_80",2015,0.3735
224,"Giant kelp_80",2016,0.3735
224,"Giant kelp_80",2017,0.3735
224,"Giant kelp_80",2018,0.0952425
224,"Gracilaria seaweeds_81",1970,1.35
224,"Gracilaria seaweeds_81",1971,4.725
224,"Gracilaria seaweeds_81",1972,10.125
224,"Gracilaria seaweeds_81",1973,27.3375
224,"Gracilaria seaweeds_81",1974,56.53125
224,"Gracilaria seaweeds_81",1975,98.04375
224,"Gracilaria seaweeds_81",1976,155.75625
224,"Gracilaria seaweeds_81",1977,226.125
224,"Gracilaria seaweeds_81",1978,324
224,"Gracilaria seaweeds_81",1979,458.325
224,"Gracilaria seaweeds_81",1980,640.9125
224,"Gracilaria seaweeds_81",1981,886.6125
224,"Gracilaria seaweeds_81",1982,1275.58125
224,"Gracilaria seaweeds_81",1983,1306.4625
224,"Gracilaria seaweeds_81",1984,2208.43125
224,"Gracilaria seaweeds_81",1985,2703.54375
224,"Gracilaria seaweeds_81",1986,3086.94375
224,"Gracilaria seaweeds_81",1987,4426.9875
224,"Gracilaria seaweeds_81",1988,7179.13125
224,"Gracilaria seaweeds_81",1989,12448.51875
224,"Gracilaria seaweeds_81",1990,17964.1125
224,"Gracilaria seaweeds_81",1991,26148.65625
224,"Gracilaria seaweeds_81",1992,30316.44375
224,"Gracilaria seaweeds_81",1993,32425.48125
224,"Gracilaria seaweeds_81",1994,37111.66875
224,"Gracilaria seaweeds_81",1995,35677.96875
224,"Gracilaria seaweeds_81",1996,45365.0625
224,"Gracilaria seaweeds_81",1997,54497.64375
224,"Gracilaria seaweeds_81",1998,54936.225
224,"Gracilaria seaweeds_81",1999,51914.75625
224,"Gracilaria seaweeds_81",2000,39808.4625
224,"Gracilaria seaweeds_81",2001,33526.06875
224,"Gracilaria seaweeds_81",2002,34076.53125
224,"Gracilaria seaweeds_81",2003,35556.80625
224,"Gracilaria seaweeds_81",2004,33328.4625
224,"Gracilaria seaweeds_81",2005,24883.2
224,"Gracilaria seaweeds_81",2006,18460.2375
224,"Gracilaria seaweeds_81",2007,15695.775
224,"Gracilaria seaweeds_81",2008,15935.4
224,"Gracilaria seaweeds_81",2009,28195.93125
224,"Gracilaria seaweeds_81",2010,24578.60625
224,"Gracilaria seaweeds_81",2011,23026.275
224,"Gracilaria seaweeds_81",2012,20060.49375
224,"Gracilaria seaweeds_81",2013,7288.3125
224,"Gracilaria seaweeds_81",2014,7399.35
224,"Gracilaria seaweeds_81",2015,6974.60625
224,"Gracilaria seaweeds_81",2016,8786.1375
224,"Gracilaria seaweeds_81",2017,9505.893375
224,"Gracilaria seaweeds_81",2018,10838.4598125
231,"Eucheuma seaweeds nei_82",2007,276.39
231,"Eucheuma seaweeds nei_82",2008,511.695
231,"Eucheuma seaweeds nei_82",2009,714.63
231,"Eucheuma seaweeds nei_82",2010,816.0975
231,"Eucheuma seaweeds nei_82",2011,1027.125
231,"Eucheuma seaweeds nei_82",2012,1120.5
231,"Eucheuma seaweeds nei_82",2013,1120.5
231,"Eucheuma seaweeds nei_82",2014,1120.5
231,"Eucheuma seaweeds nei_82",2015,1120.5
231,"Eucheuma seaweeds nei_82",2016,1120.5
231,"Eucheuma seaweeds nei_82",2017,1120.5
231,"Eucheuma seaweeds nei_82",2018,1120.5
