"","rgn_id","rgn_name","product","year","tonnes","usd","tonnes_orig","usd_orig"
"1",6,"Vanuatu","corals",1998,25,34,25,34
"2",6,"Vanuatu","corals",1999,36.5,44,48,54
"3",6,"Vanuatu","corals",2000,24.3333333333333,29.3333333333333,0,0
"4",6,"Vanuatu","corals",2001,25.5,46.75,29,99
"5",6,"Vanuatu","corals",2002,34,52.5,59,57
"6",6,"Vanuatu","corals",2003,37.75,93.75,63,219
"7",6,"Vanuatu","corals",2004,46.75,104,36,41
"8",6,"Vanuatu","corals",2005,47.5,83,32,15
"9",6,"Vanuatu","corals",2006,32.75,68.75,0,0
"10",6,"Vanuatu","corals",2007,17,14,0,0
"11",6,"Vanuatu","corals",2008,8,3.75,0,0
"12",6,"Vanuatu","corals",2009,0,0,0,0
"13",6,"Vanuatu","corals",2010,0,0,0,0
"14",6,"Vanuatu","corals",2011,0,0,0,0
"15",6,"Vanuatu","corals",2012,4.75,7,19,28
"16",6,"Vanuatu","corals",2013,4.75,7,0,0
"17",6,"Vanuatu","corals",2014,15.75,11,44,16
"18",6,"Vanuatu","corals",2015,24,33,33,88
"19",6,"Vanuatu","corals",2016,28.25,48.25,36,89
"20",6,"Vanuatu","corals",2017,37.25,70.5,36,89
"21",7,"Solomon Islands","corals",1998,391,1007,391,1007
"22",7,"Solomon Islands","corals",1999,314.5,908.5,238,810
"23",7,"Solomon Islands","corals",2000,266,819.666666666667,169,642
"24",7,"Solomon Islands","corals",2001,235.25,818,143,813
"25",7,"Solomon Islands","corals",2002,204,722.25,266,624
"26",7,"Solomon Islands","corals",2003,181,651.25,146,526
"27",7,"Solomon Islands","corals",2004,192.25,712.25,214,886
"28",7,"Solomon Islands","corals",2005,227,745.5,282,946
"29",7,"Solomon Islands","corals",2006,255,789.25,378,799
"30",7,"Solomon Islands","corals",2007,317.75,831.75,397,696
"31",7,"Solomon Islands","corals",2008,339.25,810.25,300,800
"32",7,"Solomon Islands","corals",2009,338.75,786.25,280,850
"33",7,"Solomon Islands","corals",2010,303.75,770,238,734
"34",7,"Solomon Islands","corals",2011,294,644.75,358,195
"35",7,"Solomon Islands","corals",2012,252.75,590.75,135,584
"36",7,"Solomon Islands","corals",2013,222,542.25,157,656
"37",7,"Solomon Islands","corals",2014,203.75,516,165,629
"38",7,"Solomon Islands","corals",2015,123,507.5,35,161
"39",7,"Solomon Islands","corals",2016,89.25,361.5,0,0
"40",7,"Solomon Islands","corals",2017,50,197.5,0,0
"41",8,"Palau","corals",1998,50,195,50,195
"42",8,"Palau","corals",1999,44,99.5,38,4
"43",8,"Palau","corals",2000,36,67.3333333333333,20,3
"44",8,"Palau","corals",2001,27,50.5,0,0
"45",8,"Palau","corals",2002,14.5,1.75,0,0
"46",8,"Palau","corals",2003,8.57143428813822,1.5,14.2857371525529,3
"47",8,"Palau","corals",2004,3.57143428813822,0.75,0,0
"48",8,"Palau","corals",2005,17.3214342881382,61,55,241
"49",8,"Palau","corals",2006,20.8214342881382,63,14,8
"50",8,"Palau","corals",2007,17.5,65.5,1,13
"51",8,"Palau","corals",2008,41.5,79,96,54
"52",8,"Palau","corals",2009,27.75,18.75,0,0
"53",8,"Palau","corals",2010,26.7631425405465,17.75,10.0525701621859,4
"54",8,"Palau","corals",2011,34.5131425405465,25.25,32,43
"55",8,"Palau","corals",2012,10.5131425405465,11.75,0,0
"56",8,"Palau","corals",2013,12.5566616293201,12.75,8.17407635509448,4
"57",8,"Palau","corals",2014,10.0435190887736,11.75,0,0
"58",8,"Palau","corals",2015,2.04351908877362,1,0,0
"59",8,"Palau","corals",2016,2.04351908877362,1,0,0
"60",8,"Palau","corals",2017,0,0,0,0
"61",9,"Micronesia","corals",1998,26,129,26,129
"62",9,"Micronesia","corals",1999,35,151,44,173
"63",9,"Micronesia","corals",2000,28.6666666666667,115.333333333333,16,44
"64",9,"Micronesia","corals",2001,21.5,86.5,0,0
"65",9,"Micronesia","corals",2002,18,88.5,12,137
"66",9,"Micronesia","corals",2003,7.75,56.25,3,44
"67",9,"Micronesia","corals",2004,7.3523746702715,47.25,14.409498681086,8
"68",9,"Micronesia","corals",2005,17.3523746702715,57,40,39
"69",9,"Micronesia","corals",2006,52.1023746702715,42.5,151,79
"70",9,"Micronesia","corals",2007,57.3523746702715,48,24,66
"71",9,"Micronesia","corals",2008,57.5,52,15,24
"72",9,"Micronesia","corals",2009,48,54.25,2,48
"73",9,"Micronesia","corals",2010,50.25,63.5,160,116
"74",9,"Micronesia","corals",2011,69,74.25,99,109
"75",9,"Micronesia","corals",2012,66.25,98.25,4,120
"76",9,"Micronesia","corals",2013,75.75,107.5,40,85
"77",9,"Micronesia","corals",2014,64,134.5,113,224
"78",9,"Micronesia","corals",2015,40.5,156,5,195
"79",9,"Micronesia","corals",2016,41,179.5,6,214
"80",9,"Micronesia","corals",2017,32,189.25,4,124
"81",11,"Marshall Islands","corals",1998,33,151,33,151
"82",11,"Marshall Islands","corals",1999,16.5,75.5,0,0
"83",11,"Marshall Islands","corals",2000,11,50.3333333333333,0,0
"84",11,"Marshall Islands","corals",2001,12.0595239762304,38,15.2380959049217,1
"85",11,"Marshall Islands","corals",2002,5.55952397623042,20.75,7,82
"86",11,"Marshall Islands","corals",2003,8.55952397623042,48.5,12,111
"87",11,"Marshall Islands","corals",2004,13.0595239762304,87.5,18,156
"88",11,"Marshall Islands","corals",2005,17.75,117.25,34,120
"89",11,"Marshall Islands","corals",2006,26.5,142,42,181
"90",11,"Marshall Islands","corals",2007,26.5,147.25,12,132
"91",11,"Marshall Islands","corals",2008,23.75,142.75,7,138
"92",11,"Marshall Islands","corals",2009,19.25,138,16,101
"93",11,"Marshall Islands","corals",2010,10.0458292919496,93.75,5.18331716779826,4
"94",11,"Marshall Islands","corals",2011,7.54582929194956,83,2,89
"95",11,"Marshall Islands","corals",2012,8.04582929194956,94,9,182
"96",11,"Marshall Islands","corals",2013,5.54582929194956,118,6,197
"97",11,"Marshall Islands","corals",2014,5,144.75,3,111
"98",11,"Marshall Islands","corals",2015,8.75,160.25,17,151
"99",11,"Marshall Islands","corals",2016,7.5,148.75,4,136
"100",11,"Marshall Islands","corals",2017,7,130.25,4,123
"101",14,"Taiwan","corals",1976,63,82985,63,82985
"102",14,"Taiwan","corals",1977,81.5,81492.5,100,80000
"103",14,"Taiwan","corals",1978,129.666666666667,93535,226,117620
"104",14,"Taiwan","corals",1979,150.5,96336.5,213,104741
"105",14,"Taiwan","corals",1980,137.75,92116.75,12,66106
"106",14,"Taiwan","corals",1981,123.25,81377.75,42,37044
"107",14,"Taiwan","corals",1982,76,64001.5,37,48115
"108",14,"Taiwan","corals",1983,38.75,45069.75,64,29014
"109",14,"Taiwan","corals",1984,55.25,31010.5,78,9869
"110",14,"Taiwan","corals",1985,75,24429.5,121,10720
"111",14,"Taiwan","corals",1986,83.25,22961.5,70,42243
"112",14,"Taiwan","corals",1987,93.25,39200.25,104,93969
"113",14,"Taiwan","corals",1988,100.5,38042,107,5236
"114",14,"Taiwan","corals",1989,103.25,36812,132,5800
"115",14,"Taiwan","corals",1990,85.75,26251.25,0,0
"116",14,"Taiwan","corals",1991,59.75,2759,0,0
"117",14,"Taiwan","corals",1992,33,1450,0,0
"118",14,"Taiwan","corals",1993,0,0,0,0
"119",14,"Taiwan","corals",1994,0.25,172.75,1,691
"120",14,"Taiwan","corals",1995,1,371,3,793
"121",14,"Taiwan","corals",1996,2.5,755.75,6,1539
"122",14,"Taiwan","corals",1997,3,915.25,2,638
"123",14,"Taiwan","corals",1998,3.25,1073.5,2,1324
"124",14,"Taiwan","corals",1999,3.5,1265.25,4,1560
"125",14,"Taiwan","corals",2000,2.5,1158.75,2,1113
"126",14,"Taiwan","corals",2001,2.75,1156,3,627
"127",14,"Taiwan","corals",2002,10,1029.25,31,817
"128",14,"Taiwan","corals",2003,13,893.5,16,1017
"129",14,"Taiwan","corals",2004,16.25,821.25,15,824
"130",14,"Taiwan","corals",2005,20.25,866.25,19,807
"131",14,"Taiwan","corals",2006,21.75,817,37,620
"132",14,"Taiwan","corals",2007,24.5,767.25,27,818
"133",14,"Taiwan","corals",2008,26.75,808.75,24,990
"134",14,"Taiwan","corals",2009,23.25,744.75,5,551
"135",14,"Taiwan","corals",2010,14.5,666,2,305
"136",14,"Taiwan","corals",2011,8.5,641.75,3,721
"137",14,"Taiwan","corals",2012,3.25,596.25,3,808
"138",14,"Taiwan","corals",2013,2.5,683.5,2,900
"139",14,"Taiwan","corals",2014,2.25,850.5,1,973
"140",14,"Taiwan","corals",2015,10.25,1087,35,1667
"141",14,"Taiwan","corals",2016,11,1723,6,3352
"142",14,"Taiwan","corals",2017,11.25,2190.25,3,2769
"143",15,"Philippines","corals",1991,1789,3426,1789,3426
"144",15,"Philippines","corals",1992,2462,4186,3135,4946
"145",15,"Philippines","corals",1993,2193.33333333333,3751.33333333333,1656,2882
"146",15,"Philippines","corals",1994,2210,3831.5,2260,4072
"147",15,"Philippines","corals",1995,2209,3838,1785,3452
"148",15,"Philippines","corals",1996,1906.5,3374,1925,3090
"149",15,"Philippines","corals",1997,1950.5,3385.75,1832,2929
"150",15,"Philippines","corals",1998,1816.5,3007.5,1724,2559
"151",15,"Philippines","corals",1999,1683.75,2599.75,1254,1821
"152",15,"Philippines","corals",2000,1512.25,2194,1239,1467
"153",15,"Philippines","corals",2001,1505.5,1880,1805,1673
"154",15,"Philippines","corals",2002,1623.5,1843,2196,2411
"155",15,"Philippines","corals",2003,2111.75,2091.5,3207,2815
"156",15,"Philippines","corals",2004,2983,2769,4724,4177
"157",15,"Philippines","corals",2005,3466.75,3127.5,3740,3107
"158",15,"Philippines","corals",2006,3593.25,3210,2702,2741
"159",15,"Philippines","corals",2007,2791.5,2506.25,0,0
"160",15,"Philippines","corals",2008,1610.5,1462,0,0
"161",15,"Philippines","corals",2009,675.5,685.25,0,0
"162",15,"Philippines","corals",2010,0,0,0,0
"163",15,"Philippines","corals",2011,0,0,0,0
"164",15,"Philippines","corals",2012,0,0,0,0
"165",15,"Philippines","corals",2013,0,0,0,0
"166",15,"Philippines","corals",2014,0,0,0,0
"167",15,"Philippines","corals",2015,0,0,0,0
"168",15,"Philippines","corals",2016,0,0,0,0
"169",15,"Philippines","corals",2017,0,0,0,0
"170",16,"Australia","corals",1976,464,328,464,328
"171",16,"Australia","corals",1977,494,345.5,524,363
"172",16,"Australia","corals",1978,564.333333333333,404.333333333333,705,522
"173",16,"Australia","corals",1979,668.5,497.25,981,776
"174",16,"Australia","corals",1980,928.75,756.75,1505,1366
"175",16,"Australia","corals",1981,963.5,848.25,663,729
"176",16,"Australia","corals",1982,972,912.75,739,780
"177",16,"Australia","corals",1983,880,1000.5,613,1127
"178",16,"Australia","corals",1984,637.5,954.75,535,1183
"179",16,"Australia","corals",1985,588.75,1029.75,468,1029
"180",16,"Australia","corals",1986,404,834.75,0,0
"181",16,"Australia","corals",1987,250.75,553,0,0
"182",16,"Australia","corals",1988,117,257.25,0,0
"183",16,"Australia","corals",1989,0,0,0,0
"184",16,"Australia","corals",1990,404.5,1825.25,1618,7301
"185",16,"Australia","corals",1991,759.5,2902,1420,4307
"186",16,"Australia","corals",1992,1084.5,3986.75,1300,4339
"187",16,"Australia","corals",1993,1426.75,4844,1369,3429
"188",16,"Australia","corals",1994,1467.25,3976.75,1780,3832
"189",16,"Australia","corals",1995,1409.25,3701.25,1188,3205
"190",16,"Australia","corals",1996,1307.75,3192.5,894,2304
"191",16,"Australia","corals",1997,1191,2875.75,902,2162
"192",16,"Australia","corals",1998,1090.25,2651.25,1377,2934
"193",16,"Australia","corals",1999,1008.5,2233.5,861,1534
"194",16,"Australia","corals",2000,1030.5,1896.75,982,957
"195",16,"Australia","corals",2001,1012.25,1556.75,829,802
"196",16,"Australia","corals",2002,1021,1289,1412,1863
"197",16,"Australia","corals",2003,1041,1074.5,941,676
"198",16,"Australia","corals",2004,991,1065.5,782,921
"199",16,"Australia","corals",2005,960.5,1128.25,707,1053
"200",16,"Australia","corals",2006,1026.5,1124,1676,1846
"201",16,"Australia","corals",2007,945.25,1430.5,616,1902
"202",16,"Australia","corals",2008,861.25,1653.75,446,1814
"203",16,"Australia","corals",2009,758,1872.75,294,1929
"204",16,"Australia","corals",2010,427.25,2078.25,353,2668
"205",16,"Australia","corals",2011,379.75,2319,426,2865
"206",16,"Australia","corals",2012,547.75,3466.25,1118,6403
"207",16,"Australia","corals",2013,703.25,4894.25,916,7641
"208",16,"Australia","corals",2014,791,5810,704,6331
"209",16,"Australia","corals",2015,912.5,7516.75,912,9692
"210",16,"Australia","corals",2016,869,8313.75,944,9591
"211",16,"Australia","corals",2017,877.75,8856,951,9810
"212",17,"Papua New Guinea","corals",1996,4,58,4,58
"213",17,"Papua New Guinea","corals",1997,2,29,0,0
"214",17,"Papua New Guinea","corals",1998,23.8726126888093,19.6666666666667,67.6178380664278,1
"215",17,"Papua New Guinea","corals",1999,17.9044595166069,14.75,0,0
"216",17,"Papua New Guinea","corals",2000,32.0635473895334,0.5,60.6363514917057,1
"217",17,"Papua New Guinea","corals",2001,50.3135473895334,67.5,73,268
"218",17,"Papua New Guinea","corals",2002,46.9159213070041,67.75,54.0273337363105,2
"219",17,"Papua New Guinea","corals",2003,46.9159213070041,67.75,0,0
"220",17,"Papua New Guinea","corals",2004,32.7568334340776,70.5,4,12
"221",17,"Papua New Guinea","corals",2005,23.0068334340776,6.5,34,12
"222",17,"Papua New Guinea","corals",2006,13.25,7.25,15,5
"223",17,"Papua New Guinea","corals",2007,13.25,7.25,0,0
"224",17,"Papua New Guinea","corals",2008,13.5,7,5,11
"225",17,"Papua New Guinea","corals",2009,5,4,0,0
"226",17,"Papua New Guinea","corals",2010,32.75,32.5,126,119
"227",17,"Papua New Guinea","corals",2011,32.75,32.5,0,0
"228",17,"Papua New Guinea","corals",2012,31.5,29.75,0,0
"229",17,"Papua New Guinea","corals",2013,58.75,54.5,109,99
"230",17,"Papua New Guinea","corals",2014,35.25,41,32,65
"231",17,"Papua New Guinea","corals",2015,39.5,49.75,17,35
"232",17,"Papua New Guinea","corals",2016,39.5,49.75,0,0
"233",17,"Papua New Guinea","corals",2017,24.75,71.25,50,185
"234",18,"Fiji","corals",1990,589,2562,589,2562
"235",18,"Fiji","corals",1991,523,1702.5,457,843
"236",18,"Fiji","corals",1992,465.666666666667,1384.66666666667,351,749
"237",18,"Fiji","corals",1993,376.5,1123.5,109,340
"238",18,"Fiji","corals",1994,306,691.25,307,833
"239",18,"Fiji","corals",1995,191.75,480.5,0,0
"240",18,"Fiji","corals",1996,238,578.75,536,1142
"241",18,"Fiji","corals",1997,505.75,946,1180,1809
"242",18,"Fiji","corals",1998,749,1018.25,1280,1122
"243",18,"Fiji","corals",1999,956.5,1213.5,830,781
"244",18,"Fiji","corals",2000,1131.25,1334.5,1235,1626
"245",18,"Fiji","corals",2001,836.25,882.25,0,0
"246",18,"Fiji","corals",2002,772.75,1176.5,1026,2299
"247",18,"Fiji","corals",2003,918.25,1818.75,1412,3350
"248",18,"Fiji","corals",2004,1033.25,2687.25,1695,5100
"249",18,"Fiji","corals",2005,1496.25,3938.25,1852,5004
"250",18,"Fiji","corals",2006,1699,4707,1837,5374
"251",18,"Fiji","corals",2007,1799.5,5142,1814,5090
"252",18,"Fiji","corals",2008,1686.75,4600.5,1244,2934
"253",18,"Fiji","corals",2009,1419.25,3690.25,782,1363
"254",18,"Fiji","corals",2010,1217.5,2801,1030,1817
"255",18,"Fiji","corals",2011,1045.75,2062.75,1127,2137
"256",18,"Fiji","corals",2012,1047.5,1923.5,1251,2377
"257",18,"Fiji","corals",2013,1124,2283.25,1088,2802
"258",18,"Fiji","corals",2014,1111.75,2583.75,981,3019
"259",18,"Fiji","corals",2015,1055,2677.5,900,2512
"260",18,"Fiji","corals",2016,863.75,2453.25,486,1480
"261",18,"Fiji","corals",2017,677,2151.25,341,1594
"262",20,"South Korea","corals",1988,2,6,2,6
"263",20,"South Korea","corals",1989,1,7.5,0,9
"264",20,"South Korea","corals",1990,0.666666666666667,5,0,0
"265",20,"South Korea","corals",1991,0.5,3.75,0,0
"266",20,"South Korea","corals",1992,0,2.25,0,0
"267",20,"South Korea","corals",1993,23.2321150643111,0.25,92.9284602572443,1
"268",20,"South Korea","corals",1994,23.2321150643111,0.25,0,0
"269",20,"South Korea","corals",1995,149.29916420026,0.75,504.268196543795,2
"270",20,"South Korea","corals",1996,149.29916420026,0.75,0,0
"271",20,"South Korea","corals",1997,126.067049135949,0.5,0,0
"272",20,"South Korea","corals",1998,126.067049135949,0.5,0,0
"273",20,"South Korea","corals",1999,0,0,0,0
"274",20,"South Korea","corals",2000,0,0,0,0
"275",20,"South Korea","corals",2001,0,0,0,0
"276",20,"South Korea","corals",2002,0,0,0,0
"277",20,"South Korea","corals",2003,0,0,0,0
"278",20,"South Korea","corals",2004,0,0,0,0
"279",20,"South Korea","corals",2005,0,0,0,0
"280",20,"South Korea","corals",2006,0,0,0,0
"281",20,"South Korea","corals",2007,0,0,0,0
"282",20,"South Korea","corals",2008,0.5,1.25,2,5
"283",20,"South Korea","corals",2009,846.243791717206,1.75,3382.97516686883,2
"284",20,"South Korea","corals",2010,846.243791717206,1.75,0,0
"285",20,"South Korea","corals",2011,846.243791717206,1.75,0,0
"286",20,"South Korea","corals",2012,845.743791717206,0.5,0,0
"287",20,"South Korea","corals",2013,1051.34174732325,0.25,4205.36698929302,1
"288",20,"South Korea","corals",2014,1051.34174732325,0.25,0,0
"289",20,"South Korea","corals",2015,1051.34174732325,0.25,0,0
"290",20,"South Korea","corals",2016,1051.34174732325,0.25,0,0
"291",20,"South Korea","corals",2017,0,0,0,0
"292",21,"North Korea","corals",1990,49,290,49,290
"293",21,"North Korea","corals",1991,24.5,145,0,0
"294",21,"North Korea","corals",1992,16.3333333333333,96.6666666666667,0,0
"295",21,"North Korea","corals",1993,12.25,72.5,0,0
"296",21,"North Korea","corals",1994,0,0,0,0
"297",21,"North Korea","corals",1995,0,0,0,0
"298",21,"North Korea","corals",1996,0,0,0,0
"299",21,"North Korea","corals",1997,0,0,0,0
"300",21,"North Korea","corals",1998,9,1.25,36,5
"301",21,"North Korea","corals",1999,40.25,3.5,125,9
"302",21,"North Korea","corals",2000,53.25,5.75,52,9
"303",21,"North Korea","corals",2001,65.75,8,50,9
"304",21,"North Korea","corals",2002,82.5,11,103,17
"305",21,"North Korea","corals",2003,99.75,19.25,194,42
"306",21,"North Korea","corals",2004,170,26.75,333,39
"307",21,"North Korea","corals",2005,514,57.5,1426,132
"308",21,"North Korea","corals",2006,644,69.75,623,66
"309",21,"North Korea","corals",2007,706.25,73.5,443,57
"310",21,"North Korea","corals",2008,682.75,72.75,239,36
"311",21,"North Korea","corals",2009,431.5,51.25,421,46
"312",21,"North Korea","corals",2010,399,45.75,493,44
"313",21,"North Korea","corals",2011,421.5,52.5,533,84
"314",21,"North Korea","corals",2012,373.75,48.5,48,20
"315",21,"North Korea","corals",2013,326.25,61,231,96
"316",21,"North Korea","corals",2014,321.5,98,474,192
"317",21,"North Korea","corals",2015,325,131.75,547,219
"318",21,"North Korea","corals",2016,515,205.5,808,315
"319",21,"North Korea","corals",2017,567.25,222.5,440,164
"320",25,"Thailand","corals",1994,2,6,2,6
"321",25,"Thailand","corals",1995,1,3,0,0
"322",25,"Thailand","corals",1996,0.666666666666667,2,0,0
"323",25,"Thailand","corals",1997,47.0679560430754,2,186.271824172301,2
"324",25,"Thailand","corals",1998,46.8179560430754,1,1,2
"325",25,"Thailand","corals",1999,46.8179560430754,1,0,0
"326",25,"Thailand","corals",2000,46.8179560430754,1,0,0
"327",25,"Thailand","corals",2001,0.25,0.5,0,0
"328",25,"Thailand","corals",2002,0,0,0,0
"329",25,"Thailand","corals",2003,0,0,0,0
"330",25,"Thailand","corals",2004,0,0,0,0
"331",25,"Thailand","corals",2005,5.25,5.25,21,21
"332",25,"Thailand","corals",2006,19.75,33.5,58,113
"333",25,"Thailand","corals",2007,60.25,59.5,162,104
"334",25,"Thailand","corals",2008,60.5,60,1,2
"335",25,"Thailand","corals",2009,55.25,55,0,1
"336",25,"Thailand","corals",2010,42.75,35.75,8,36
"337",25,"Thailand","corals",2011,2.25,10.5,0,3
"338",25,"Thailand","corals",2012,2.75,10.75,3,3
"339",25,"Thailand","corals",2013,16.5,31.25,55,83
"340",25,"Thailand","corals",2014,22.25,36.75,31,58
"341",25,"Thailand","corals",2015,25.5,38.25,13,9
"342",25,"Thailand","corals",2016,31.25,43.5,26,24
"343",25,"Thailand","corals",2017,24,28.75,26,24
"344",37,"Mauritius","corals",1994,0,1,0,1
"345",37,"Mauritius","corals",1995,11.5,2.5,23,4
"346",37,"Mauritius","corals",1996,7.66666666666667,2,0,1
"347",37,"Mauritius","corals",1997,5.75,1.5,0,0
"348",37,"Mauritius","corals",1998,5.75,1.75,0,2
"349",37,"Mauritius","corals",1999,0,0.75,0,0
"350",37,"Mauritius","corals",2000,0,0.5,0,0
"351",37,"Mauritius","corals",2001,0,0.5,0,0
"352",37,"Mauritius","corals",2002,0,0,0,0
"353",37,"Mauritius","corals",2003,0,0,0,0
"354",37,"Mauritius","corals",2004,1.25,21,5,84
"355",37,"Mauritius","corals",2005,1.25,21,0,0
"356",37,"Mauritius","corals",2006,1.25,21,0,0
"357",37,"Mauritius","corals",2007,1.25,21,0,0
"358",37,"Mauritius","corals",2008,0,0,0,0
"359",37,"Mauritius","corals",2009,0,0,0,0
"360",37,"Mauritius","corals",2010,0,0,0,0
"361",37,"Mauritius","corals",2011,0,0,0,0
"362",37,"Mauritius","corals",2012,6.25,0.75,25,3
"363",37,"Mauritius","corals",2013,6.25,0.75,0,0
"364",37,"Mauritius","corals",2014,6.25,0.75,0,0
"365",37,"Mauritius","corals",2015,6.25,0.75,0,0
"366",37,"Mauritius","corals",2016,0,0,0,0
"367",37,"Mauritius","corals",2017,0,0,0,0
"368",39,"Maldives","corals",1996,8,12,8,12
"369",39,"Maldives","corals",1997,16,18,24,24
"370",39,"Maldives","corals",1998,13.3333333333333,15,8,9
"371",39,"Maldives","corals",1999,13.25,15.5,13,17
"372",39,"Maldives","corals",2000,18,20.5,27,32
"373",39,"Maldives","corals",2001,19.25,22.75,29,33
"374",39,"Maldives","corals",2002,26.5,30.25,37,39
"375",39,"Maldives","corals",2003,30.5,33.5,29,30
"376",39,"Maldives","corals",2004,27.25,29,14,14
"377",39,"Maldives","corals",2005,20,20.75,0,0
"378",39,"Maldives","corals",2006,10.75,11,0,0
"379",39,"Maldives","corals",2007,3.5,3.5,0,0
"380",39,"Maldives","corals",2008,0,0,0,0
"381",39,"Maldives","corals",2009,0.25,0.25,1,1
"382",39,"Maldives","corals",2010,0.25,0.25,0,0
"383",39,"Maldives","corals",2011,0.25,0.25,0,0
"384",39,"Maldives","corals",2012,0.25,0.25,0,0
"385",39,"Maldives","corals",2013,0,0,0,0
"386",39,"Maldives","corals",2014,0,0,0,0
"387",39,"Maldives","corals",2015,0,0,0,0
"388",39,"Maldives","corals",2016,0,0,0,0
"389",39,"Maldives","corals",2017,0,0,0,0
"390",40,"Sri Lanka","corals",1990,185.990442217608,294,185.990442217608,294
"391",40,"Sri Lanka","corals",1991,188.171893584979,301.5,190.35334495235,309
"392",40,"Sri Lanka","corals",1992,190.209426464704,308.666666666667,194.284492224155,323
"393",40,"Sri Lanka","corals",1993,201.061966712725,336.25,233.619587456788,419
"394",40,"Sri Lanka","corals",1994,188.814356158323,390.5,137,511
"395",40,"Sri Lanka","corals",1995,245.226019920236,448.25,416,540
"396",40,"Sri Lanka","corals",1996,364.904896864197,553.25,673,743
"397",40,"Sri Lanka","corals",1997,418,720.25,446,1087
"398",40,"Sri Lanka","corals",1998,534.5,898.75,603,1225
"399",40,"Sri Lanka","corals",1999,593.75,1097.75,653,1336
"400",40,"Sri Lanka","corals",2000,425.5,912,0,0
"401",40,"Sri Lanka","corals",2001,438.5,900.5,498,1041
"402",40,"Sri Lanka","corals",2002,368.75,747.5,324,613
"403",40,"Sri Lanka","corals",2003,376.25,727.75,683,1257
"404",40,"Sri Lanka","corals",2004,524,964.75,591,948
"405",40,"Sri Lanka","corals",2005,538.75,1016.25,557,1247
"406",40,"Sri Lanka","corals",2006,576.25,1151.75,474,1155
"407",40,"Sri Lanka","corals",2007,549,1165.5,574,1312
"408",40,"Sri Lanka","corals",2008,525.5,1380.75,497,1809
"409",40,"Sri Lanka","corals",2009,390.5,1087,17,72
"410",40,"Sri Lanka","corals",2010,276,812.25,16,56
"411",40,"Sri Lanka","corals",2011,148.75,516,65,127
"412",40,"Sri Lanka","corals",2012,25.25,70,3,25
"413",40,"Sri Lanka","corals",2013,24.5,66.25,14,57
"414",40,"Sri Lanka","corals",2014,36.5,87.25,64,140
"415",40,"Sri Lanka","corals",2015,32,79,47,94
"416",40,"Sri Lanka","corals",2016,42.25,135.75,44,252
"417",40,"Sri Lanka","corals",2017,40.25,144.25,6,91
"418",42,"Madagascar","corals",1990,51,487,51,487
"419",42,"Madagascar","corals",1991,50.5,315.5,50,144
"420",42,"Madagascar","corals",1992,37.6666666666667,217,12,20
"421",42,"Madagascar","corals",1993,28.75,172.5,2,39
"422",42,"Madagascar","corals",1994,18.75,76,11,101
"423",42,"Madagascar","corals",1995,44.25,118.25,152,313
"424",42,"Madagascar","corals",1996,53,138,47,99
"425",42,"Madagascar","corals",1997,52.5,128.25,0,0
"426",42,"Madagascar","corals",1998,90,167.25,161,257
"427",42,"Madagascar","corals",1999,90,168.25,152,317
"428",42,"Madagascar","corals",2000,107.75,315,118,686
"429",42,"Madagascar","corals",2001,107.75,315,0,0
"430",42,"Madagascar","corals",2002,67.5,250.75,0,0
"431",42,"Madagascar","corals",2003,60.5,186,124,58
"432",42,"Madagascar","corals",2004,76.25,31.5,181,68
"433",42,"Madagascar","corals",2005,133.25,69.25,228,151
"434",42,"Madagascar","corals",2006,264.25,110.5,524,165
"435",42,"Madagascar","corals",2007,281,128,191,128
"436",42,"Madagascar","corals",2008,272.5,131,147,80
"437",42,"Madagascar","corals",2009,254.75,116,157,91
"438",42,"Madagascar","corals",2010,205,107.5,325,131
"439",42,"Madagascar","corals",2011,262,111,419,142
"440",42,"Madagascar","corals",2012,282.25,118,228,108
"441",42,"Madagascar","corals",2013,331.75,124.75,355,118
"442",42,"Madagascar","corals",2014,370,130.75,478,155
"443",42,"Madagascar","corals",2015,347.75,123.25,330,112
"444",42,"Madagascar","corals",2016,355,122.25,257,104
"445",42,"Madagascar","corals",2017,352.5,116.5,345,95
"446",44,"Somalia","corals",2001,5.63832342217393,1,5.63832342217393,1
"447",44,"Somalia","corals",2002,2.81916171108696,0.5,0,0
"448",44,"Somalia","corals",2003,2.21277447405798,17.9504724034565,1,52.8514172103696
"449",44,"Somalia","corals",2004,1.65958085554348,13.4628543025924,0,0
"450",44,"Somalia","corals",2005,9.58319524532817,13.7128543025924,37.3327809813127,2
"451",44,"Somalia","corals",2006,9.58319524532817,13.7128543025924,0,0
"452",44,"Somalia","corals",2007,22.3331952453282,23.75,52,93
"453",44,"Somalia","corals",2008,25.5831952453282,34.5,13,43
"454",44,"Somalia","corals",2009,16.25,34,0,0
"455",44,"Somalia","corals",2010,21.5,37.25,21,13
"456",44,"Somalia","corals",2011,8.5,14,0,0
"457",44,"Somalia","corals",2012,5.25,3.25,0,0
"458",44,"Somalia","corals",2013,5.25,3.25,0,0
"459",44,"Somalia","corals",2014,0,0,0,0
"460",44,"Somalia","corals",2015,0.25,1.5,1,6
"461",44,"Somalia","corals",2016,0.25,1.5,0,0
"462",44,"Somalia","corals",2017,0.25,1.5,0,0
"463",48,"Oman","corals",1995,13,3,13,3
"464",48,"Oman","corals",1996,16.5,5.5,20,8
"465",48,"Oman","corals",1997,11,3.66666666666667,0,0
"466",48,"Oman","corals",1998,10.5,3.75,9,4
"467",48,"Oman","corals",1999,7.25,3,0,0
"468",48,"Oman","corals",2000,12.75,3.5,42,10
"469",48,"Oman","corals",2001,20.25,4.75,30,5
"470",48,"Oman","corals",2002,18,3.75,0,0
"471",48,"Oman","corals",2003,21.75,221.854578803267,15,872.418315213066
"472",48,"Oman","corals",2004,11.25,219.354578803267,0,0
"473",48,"Oman","corals",2005,3.75,218.104578803267,0,0
"474",48,"Oman","corals",2006,11.25,220.104578803267,30,8
"475",48,"Oman","corals",2007,21.5,5.25,56,13
"476",48,"Oman","corals",2008,21.5,5.25,0,0
"477",48,"Oman","corals",2009,21.5,5.25,0,0
"478",48,"Oman","corals",2010,14,3.25,0,0
"479",48,"Oman","corals",2011,0,0,0,0
"480",48,"Oman","corals",2012,0,0,0,0
"481",48,"Oman","corals",2013,0,0,0,0
"482",48,"Oman","corals",2014,0,0,0,0
"483",48,"Oman","corals",2015,0,0,0,0
"484",48,"Oman","corals",2016,0,0,0,0
"485",48,"Oman","corals",2017,0,0,0,0
"486",49,"Sudan","corals",1995,65,22,65,22
"487",49,"Sudan","corals",1996,140.5,46,216,70
"488",49,"Sudan","corals",1997,249,45.6666666666667,466,45
"489",49,"Sudan","corals",1998,289.75,51.75,412,70
"490",49,"Sudan","corals",1999,340,105,266,235
"491",49,"Sudan","corals",2000,387.5,179,406,366
"492",49,"Sudan","corals",2001,368,261.75,388,376
"493",49,"Sudan","corals",2002,351.25,327.25,345,332
"494",49,"Sudan","corals",2003,375.75,338.75,364,281
"495",49,"Sudan","corals",2004,365.5,315,365,271
"496",49,"Sudan","corals",2005,356,285.25,350,257
"497",49,"Sudan","corals",2006,350.25,266,322,255
"498",49,"Sudan","corals",2007,262.75,202.5,14,27
"499",49,"Sudan","corals",2008,262.5,220.75,364,344
"500",49,"Sudan","corals",2009,220.5,199.75,182,173
"501",49,"Sudan","corals",2010,178.5,172.25,154,145
"502",49,"Sudan","corals",2011,240.5,214,262,194
"503",49,"Sudan","corals",2012,149.5,128,0,0
"504",49,"Sudan","corals",2013,134,115.5,120,123
"505",49,"Sudan","corals",2014,110.5,97.75,60,74
"506",49,"Sudan","corals",2015,45,49.25,0,0
"507",49,"Sudan","corals",2016,45,49.25,0,0
"508",49,"Sudan","corals",2017,15,18.5,0,0
"509",53,"Pakistan","corals",2002,49,10,49,10
"510",53,"Pakistan","corals",2003,24.5,5,0,0
"511",53,"Pakistan","corals",2004,16.3333333333333,3.33333333333333,0,0
"512",53,"Pakistan","corals",2005,12.25,2.5,0,0
"513",53,"Pakistan","corals",2006,0,0,0,0
"514",53,"Pakistan","corals",2007,33.5,10.75,134,43
"515",53,"Pakistan","corals",2008,33.5,10.75,0,0
"516",53,"Pakistan","corals",2009,38,12.75,18,8
"517",53,"Pakistan","corals",2010,38,12.75,0,0
"518",53,"Pakistan","corals",2011,5.25,2.5,3,2
"519",53,"Pakistan","corals",2012,16,6.25,43,15
"520",53,"Pakistan","corals",2013,71.75,28.75,241,98
"521",53,"Pakistan","corals",2014,189,74.5,469,183
"522",53,"Pakistan","corals",2015,190.25,75,8,4
"523",53,"Pakistan","corals",2016,180.5,71.75,4,2
"524",53,"Pakistan","corals",2017,128.25,54,32,27
"525",61,"Tunisia","corals",1990,16,548,16,548
"526",61,"Tunisia","corals",1991,18.5,539,21,530
"527",61,"Tunisia","corals",1992,16.3333333333333,444,12,254
"528",61,"Tunisia","corals",1993,13.75,434,6,404
"529",61,"Tunisia","corals",1994,14,610.25,17,1253
"530",61,"Tunisia","corals",1995,10.5,769.25,7,1166
"531",61,"Tunisia","corals",1996,8.25,1111.75,3,1624
"532",61,"Tunisia","corals",1997,8.25,1444,6,1733
"533",61,"Tunisia","corals",1998,5,1365,4,937
"534",61,"Tunisia","corals",1999,4.5,1397.25,5,1295
"535",61,"Tunisia","corals",2000,5,1236.5,5,981
"536",61,"Tunisia","corals",2001,4.75,1005.5,5,809
"537",61,"Tunisia","corals",2002,4.75,969,4,791
"538",61,"Tunisia","corals",2003,4.5,886.5,4,965
"539",61,"Tunisia","corals",2004,4.5,895,5,1015
"540",61,"Tunisia","corals",2005,4.5,898,5,821
"541",61,"Tunisia","corals",2006,8.75,1023.5,21,1293
"542",61,"Tunisia","corals",2007,11.25,1259.25,14,1908
"543",61,"Tunisia","corals",2008,15,1617.25,20,2447
"544",61,"Tunisia","corals",2009,18.75,2173.25,20,3045
"545",61,"Tunisia","corals",2010,21.5,3389.25,32,6157
"546",61,"Tunisia","corals",2011,29,5684.25,44,11088
"547",61,"Tunisia","corals",2012,35.25,7971.5,45,11596
"548",61,"Tunisia","corals",2013,31.75,8265,6,4219
"549",61,"Tunisia","corals",2014,25.5,9208.75,7,9932
"550",61,"Tunisia","corals",2015,17.25,9523,11,12345
"551",61,"Tunisia","corals",2016,8,8763.75,8,8559
"552",61,"Tunisia","corals",2017,8,8927.5,6,4874
"553",62,"Morocco","corals",1994,5,625,5,625
"554",62,"Morocco","corals",1995,4.5,592,4,559
"555",62,"Morocco","corals",1996,4,481,3,259
"556",62,"Morocco","corals",1997,20,411.75,68,204
"557",62,"Morocco","corals",1998,123.25,326,418,282
"558",62,"Morocco","corals",1999,211.75,301.75,358,462
"559",62,"Morocco","corals",2000,280,386.75,276,599
"560",62,"Morocco","corals",2001,302.5,500.25,158,658
"561",62,"Morocco","corals",2002,203.5,866.5,22,1747
"562",62,"Morocco","corals",2003,115.25,892.75,5,567
"563",62,"Morocco","corals",2004,66.3089382030071,745.25,80.2357528120283,9
"564",62,"Morocco","corals",2005,26.8089382030071,580.75,0,0
"565",62,"Morocco","corals",2006,21.3089382030071,144,0,0
"566",62,"Morocco","corals",2007,20.0589382030071,2.25,0,0
"567",62,"Morocco","corals",2008,0,0,0,0
"568",62,"Morocco","corals",2009,0,0,0,0
"569",62,"Morocco","corals",2010,0,0,0,0
"570",62,"Morocco","corals",2011,0,0,0,0
"571",62,"Morocco","corals",2012,0,0,0,0
"572",62,"Morocco","corals",2013,0,0,0,0
"573",62,"Morocco","corals",2014,0,0,0,0
"574",62,"Morocco","corals",2015,0,0,0,0
"575",62,"Morocco","corals",2016,0,0,0,0
"576",62,"Morocco","corals",2017,0,0,0,0
"577",66,"Senegal","corals",1998,1250,2106,1250,2106
"578",66,"Senegal","corals",1999,636.5,1064,23,22
"579",66,"Senegal","corals",2000,424.333333333333,709.333333333333,0,0
"580",66,"Senegal","corals",2001,318.25,532,0,0
"581",66,"Senegal","corals",2002,6.75,13.5,4,32
"582",66,"Senegal","corals",2003,1,8,0,0
"583",66,"Senegal","corals",2004,1,8,0,0
"584",66,"Senegal","corals",2005,1,8,0,0
"585",66,"Senegal","corals",2006,0,0,0,0
"586",66,"Senegal","corals",2007,0,0,0,0
"587",66,"Senegal","corals",2008,0,0,0,0
"588",66,"Senegal","corals",2009,5.5,0.25,22,1
"589",66,"Senegal","corals",2010,5.75,0.75,1,2
"590",66,"Senegal","corals",2011,56.25,8.75,202,32
"591",66,"Senegal","corals",2012,69,10.75,51,8
"592",66,"Senegal","corals",2013,68.25,11.5,19,4
"593",66,"Senegal","corals",2014,68,11,0,0
"594",66,"Senegal","corals",2015,17.5,3,0,0
"595",66,"Senegal","corals",2016,5.75,1.25,4,1
"596",66,"Senegal","corals",2017,2,0.5,4,1
"597",72,"Romania","corals",1992,10,36,10,36
"598",72,"Romania","corals",1993,27.5,84.5,45,133
"599",72,"Romania","corals",1994,40.6666666666667,124.333333333333,67,204
"600",72,"Romania","corals",1995,30.5,93.25,0,0
"601",72,"Romania","corals",1996,49.75,137.75,87,214
"602",72,"Romania","corals",1997,38.5,104.5,0,0
"603",72,"Romania","corals",1998,44.75,115.75,92,249
"604",72,"Romania","corals",1999,66.75,205.25,88,358
"605",72,"Romania","corals",2000,59.75,178.5,59,107
"606",72,"Romania","corals",2001,89.75,303.25,120,499
"607",72,"Romania","corals",2002,93.25,382,106,564
"608",72,"Romania","corals",2003,90,382,75,358
"609",72,"Romania","corals",2004,100.25,486.75,100,526
"610",72,"Romania","corals",2005,94.25,521.5,96,638
"611",72,"Romania","corals",2006,91.25,521.5,94,564
"612",72,"Romania","corals",2007,94.75,570,89,552
"613",72,"Romania","corals",2008,93,635,93,786
"614",72,"Romania","corals",2009,93,673.25,96,791
"615",72,"Romania","corals",2010,97.5,754.75,112,890
"616",72,"Romania","corals",2011,98.5,808.75,93,768
"617",72,"Romania","corals",2012,102.5,811.5,109,797
"618",72,"Romania","corals",2013,112.5,869,136,1021
"619",72,"Romania","corals",2014,114.25,869,119,890
"620",72,"Romania","corals",2015,128.25,935.75,149,1035
"621",72,"Romania","corals",2016,130.25,933.5,117,788
"622",72,"Romania","corals",2017,126.75,920,122,967
"623",73,"Russia","corals",2000,1681,68,1681,68
"624",73,"Russia","corals",2001,1734.5,72,1788,76
"625",73,"Russia","corals",2002,1158.33333333333,50.6666666666667,6,8
"626",73,"Russia","corals",2003,1522.25,64.5,2614,106
"627",73,"Russia","corals",2004,1805.75,70.5,2815,92
"628",73,"Russia","corals",2005,1806.25,68.75,1790,69
"629",73,"Russia","corals",2006,2365,85,2241,73
"630",73,"Russia","corals",2007,2108.5,74.5,1588,64
"631",73,"Russia","corals",2008,1575.5,65,683,54
"632",73,"Russia","corals",2009,1537,66.75,1636,76
"633",73,"Russia","corals",2010,1012,123,141,298
"634",73,"Russia","corals",2011,749,116.75,536,39
"635",73,"Russia","corals",2012,750.5,105,689,7
"636",73,"Russia","corals",2013,341.75,86.25,1,1
"637",73,"Russia","corals",2014,322.75,17.75,65,24
"638",73,"Russia","corals",2015,226,26,149,72
"639",73,"Russia","corals",2016,715,68.25,2645,176
"640",73,"Russia","corals",2017,1856.5,168.5,4567,402
"641",76,"Turkey","corals",1990,850,3462,850,3462
"642",76,"Turkey","corals",1991,799,3236,748,3010
"643",76,"Turkey","corals",1992,848.333333333333,3648.33333333333,947,4473
"644",76,"Turkey","corals",1993,859.25,3815,892,4315
"645",76,"Turkey","corals",1994,2002.25,4096.5,5422,4588
"646",76,"Turkey","corals",1995,3351.5,4587.75,6145,4975
"647",76,"Turkey","corals",1996,3272.25,4387.25,630,3671
"648",76,"Turkey","corals",1997,3190.5,3890,565,2326
"649",76,"Turkey","corals",1998,1983.75,3311.75,595,2275
"650",76,"Turkey","corals",1999,563.5,2579,464,2044
"651",76,"Turkey","corals",2000,494.5,1990,354,1315
"652",76,"Turkey","corals",2001,440.25,1703.25,348,1179
"653",76,"Turkey","corals",2002,392.5,1528,404,1574
"654",76,"Turkey","corals",2003,380.75,1465.75,417,1795
"655",76,"Turkey","corals",2004,380,1574.75,351,1751
"656",76,"Turkey","corals",2005,536.25,1829.75,973,2199
"657",76,"Turkey","corals",2006,624.25,1697.25,756,1044
"658",76,"Turkey","corals",2007,1992.25,1850.75,5889,2409
"659",76,"Turkey","corals",2008,2158.75,2428.5,1017,4062
"660",76,"Turkey","corals",2009,2846.25,2759.5,3723,3523
"661",76,"Turkey","corals",2010,2892.25,3496.25,940,3991
"662",76,"Turkey","corals",2011,1661.5,4011,966,4468
"663",76,"Turkey","corals",2012,1619.75,4023.75,850,4113
"664",76,"Turkey","corals",2013,976.75,4877.5,1151,6938
"665",76,"Turkey","corals",2014,981,5308.5,957,5715
"666",76,"Turkey","corals",2015,883.25,5068.25,575,3507
"667",76,"Turkey","corals",2016,810.5,4878.5,559,3354
"668",76,"Turkey","corals",2017,662.5,3982.5,559,3354
"669",77,"Syria","corals",1998,55,113,55,113
"670",77,"Syria","corals",1999,27.5,56.5,0,0
"671",77,"Syria","corals",2000,27.3333333333333,56.6666666666667,27,57
"672",77,"Syria","corals",2001,31.5,61.5,44,76
"673",77,"Syria","corals",2002,27.75,55.25,40,88
"674",77,"Syria","corals",2003,27.75,55.25,0,0
"675",77,"Syria","corals",2004,26.75,58.5,23,70
"676",77,"Syria","corals",2005,15.75,39.5,0,0
"677",77,"Syria","corals",2006,5.75,17.5,0,0
"678",77,"Syria","corals",2007,5.75,17.5,0,0
"679",77,"Syria","corals",2008,0,0,0,0
"680",77,"Syria","corals",2009,0,0,0,0
"681",77,"Syria","corals",2010,0,0,0,0
"682",77,"Syria","corals",2011,0,0,0,0
"683",77,"Syria","corals",2012,0,0,0,0
"684",77,"Syria","corals",2013,0,0,0,0
"685",77,"Syria","corals",2014,0,0,0,0
"686",77,"Syria","corals",2015,0,0,0,0
"687",77,"Syria","corals",2016,0,0,0,0
"688",77,"Syria","corals",2017,0,0,0,0
"689",82,"Albania","corals",1996,315,391,315,391
"690",82,"Albania","corals",1997,201,264,87,137
"691",82,"Albania","corals",1998,207.666666666667,228,221,156
"692",82,"Albania","corals",1999,180.75,250,100,316
"693",82,"Albania","corals",2000,108.75,166.5,27,57
"694",82,"Albania","corals",2001,98.25,137.5,45,21
"695",82,"Albania","corals",2002,62.5,106.75,78,33
"696",82,"Albania","corals",2003,48.5,41.25,44,54
"697",82,"Albania","corals",2004,61,58.5,77,126
"698",82,"Albania","corals",2005,54.5,60.5,19,29
"699",82,"Albania","corals",2006,38.5,59.5,14,29
"700",82,"Albania","corals",2007,27.5,46,0,0
"701",82,"Albania","corals",2008,20.75,48.5,50,136
"702",82,"Albania","corals",2009,20,71.25,16,120
"703",82,"Albania","corals",2010,16.5,64,0,0
"704",82,"Albania","corals",2011,42.5,104,104,160
"705",82,"Albania","corals",2012,39.5,92.25,38,89
"706",82,"Albania","corals",2013,44.75,78.75,37,66
"707",82,"Albania","corals",2014,47,84.75,9,24
"708",82,"Albania","corals",2015,36.75,89.75,63,180
"709",82,"Albania","corals",2016,60.75,157.25,134,359
"710",82,"Albania","corals",2017,59.25,147.75,31,28
"711",102,"South Africa","corals",1994,70,28,70,28
"712",102,"South Africa","corals",1995,35,14,0,0
"713",102,"South Africa","corals",1996,23.3333333333333,9.33333333333333,0,0
"714",102,"South Africa","corals",1997,71.75,35.75,217,115
"715",102,"South Africa","corals",1998,122.5,60,273,125
"716",102,"South Africa","corals",1999,141.5,77.5,76,70
"717",102,"South Africa","corals",2000,157.75,83.5,65,24
"718",102,"South Africa","corals",2001,106.25,64.25,11,38
"719",102,"South Africa","corals",2002,43,37.25,20,17
"720",102,"South Africa","corals",2003,36.75,32.75,51,52
"721",102,"South Africa","corals",2004,36.25,49.25,63,90
"722",102,"South Africa","corals",2005,46.25,55.75,51,64
"723",102,"South Africa","corals",2006,51.75,64.5,42,52
"724",102,"South Africa","corals",2007,44.25,68,21,66
"725",102,"South Africa","corals",2008,32,63.25,14,71
"726",102,"South Africa","corals",2009,21.25,55,8,31
"727",102,"South Africa","corals",2010,13.25,51.5,10,38
"728",102,"South Africa","corals",2011,10.5,42.75,10,31
"729",102,"South Africa","corals",2012,8.5,33.25,6,33
"730",102,"South Africa","corals",2013,9,34.5,10,36
"731",102,"South Africa","corals",2014,9.25,36.75,11,47
"732",102,"South Africa","corals",2015,13.5,40.75,27,47
"733",102,"South Africa","corals",2016,16,47.5,16,60
"734",102,"South Africa","corals",2017,19.75,57,25,74
"735",114,"Haiti","corals",1998,96,260,96,260
"736",114,"Haiti","corals",1999,115,254.5,134,249
"737",114,"Haiti","corals",2000,145.666666666667,303,207,400
"738",114,"Haiti","corals",2001,160.25,351.75,204,498
"739",114,"Haiti","corals",2002,216.25,397.5,320,443
"740",114,"Haiti","corals",2003,249.25,429.5,266,377
"741",114,"Haiti","corals",2004,251.25,407,215,310
"742",114,"Haiti","corals",2005,236.5,322.75,145,161
"743",114,"Haiti","corals",2006,196,247.75,158,143
"744",114,"Haiti","corals",2007,157.75,190,113,146
"745",114,"Haiti","corals",2008,123.5,138.75,78,105
"746",114,"Haiti","corals",2009,97.25,113,40,58
"747",114,"Haiti","corals",2010,67.5,106.25,39,116
"748",114,"Haiti","corals",2011,48,95.25,35,102
"749",114,"Haiti","corals",2012,32,73.5,14,18
"750",114,"Haiti","corals",2013,33.75,78.25,47,77
"751",114,"Haiti","corals",2014,33.5,58.75,38,38
"752",114,"Haiti","corals",2015,34.5,41.5,39,33
"753",114,"Haiti","corals",2016,34.25,39.5,13,10
"754",114,"Haiti","corals",2017,30,31.25,30,44
"755",115,"Dominican Republic","corals",1997,37,26,37,26
"756",115,"Dominican Republic","corals",1998,24.4017035524874,16,11.8034071049748,6
"757",115,"Dominican Republic","corals",1999,22.6011357016583,15.6666666666667,19,15
"758",115,"Dominican Republic","corals",2000,17.4508517762437,12.75,2,4
"759",115,"Dominican Republic","corals",2001,8.2008517762437,6.25,0,0
"760",115,"Dominican Republic","corals",2002,5.25,4.75,0,0
"761",115,"Dominican Republic","corals",2003,5.75,1.5,21,2
"762",115,"Dominican Republic","corals",2004,7.43187147691808,1.75,8.7274859076723,5
"763",115,"Dominican Republic","corals",2005,11.1818714769181,2.75,15,4
"764",115,"Dominican Republic","corals",2006,20.4318714769181,33.5,37,123
"765",115,"Dominican Republic","corals",2007,15.1818714769181,33,0,0
"766",115,"Dominican Republic","corals",2008,16.8497933939944,36.75,15.3991735759778,20
"767",115,"Dominican Republic","corals",2009,13.0997933939944,35.75,0,0
"768",115,"Dominican Republic","corals",2010,4.59979339399445,42.75,3,151
"769",115,"Dominican Republic","corals",2011,7.09979339399445,44.75,10,8
"770",115,"Dominican Republic","corals",2012,3.25,39.75,0,0
"771",115,"Dominican Republic","corals",2013,3.25,39.75,0,0
"772",115,"Dominican Republic","corals",2014,2.5,2,0,0
"773",115,"Dominican Republic","corals",2015,0,0,0,0
"774",115,"Dominican Republic","corals",2016,0,0,0,0
"775",115,"Dominican Republic","corals",2017,0,0,0,0
"776",131,"Nicaragua","corals",2005,18,32,18,32
"777",131,"Nicaragua","corals",2006,44,30,70,28
"778",131,"Nicaragua","corals",2007,44.3333333333333,51.6666666666667,45,95
"779",131,"Nicaragua","corals",2008,33.25,38.75,0,0
"780",131,"Nicaragua","corals",2009,29.25,31.75,2,4
"781",131,"Nicaragua","corals",2010,17.25,33,22,33
"782",131,"Nicaragua","corals",2011,10.25,17.75,17,34
"783",131,"Nicaragua","corals",2012,10.25,17.75,0,0
"784",131,"Nicaragua","corals",2013,9.75,16.75,0,0
"785",131,"Nicaragua","corals",2014,4.25,8.5,0,0
"786",131,"Nicaragua","corals",2015,0.25,1.75,1,7
"787",131,"Nicaragua","corals",2016,4.25,21.25,16,78
"788",131,"Nicaragua","corals",2017,4.51842133664301,21.5,1.07368534657205,1
"789",132,"Colombia","corals",1995,1,2,1,2
"790",132,"Colombia","corals",1996,1,2.5,1,3
"791",132,"Colombia","corals",1997,1.33333333333333,5.33333333333333,2,11
"792",132,"Colombia","corals",1998,1.25,6.25,1,9
"793",132,"Colombia","corals",1999,1.25,6.75,1,4
"794",132,"Colombia","corals",2000,1,6.25,0,1
"795",132,"Colombia","corals",2001,0.75,5.5,1,8
"796",132,"Colombia","corals",2002,0.5,3.5,0,1
"797",132,"Colombia","corals",2003,3.25,7.75,12,21
"798",132,"Colombia","corals",2004,4,12.5,3,20
"799",132,"Colombia","corals",2005,6,20.75,9,41
"800",132,"Colombia","corals",2006,10.2989492296938,20.75,17.1957969187752,1
"801",132,"Colombia","corals",2007,7.29894922969379,15.5,0,0
"802",132,"Colombia","corals",2008,6.54894922969379,10.5,0,0
"803",132,"Colombia","corals",2009,4.29894922969379,0.25,0,0
"804",132,"Colombia","corals",2010,0,0,0,0
"805",132,"Colombia","corals",2011,0,0,0,0
"806",132,"Colombia","corals",2012,0,0,0,0
"807",132,"Colombia","corals",2013,0,0,0,0
"808",132,"Colombia","corals",2014,0,0,0,0
"809",132,"Colombia","corals",2015,0,0,0,0
"810",132,"Colombia","corals",2016,0,0,0,0
"811",132,"Colombia","corals",2017,0,0,0,0
"812",133,"Honduras","corals",1992,1024,221,1024,221
"813",133,"Honduras","corals",1993,927,188.5,830,156
"814",133,"Honduras","corals",1994,643,345.333333333333,75,659
"815",133,"Honduras","corals",1995,532.25,681.5,200,1690
"816",133,"Honduras","corals",1996,277.25,627.5,4,5
"817",133,"Honduras","corals",1997,69.75,588.5,0,0
"818",133,"Honduras","corals",1998,82.6239997644925,424,126.49599905797,1
"819",133,"Honduras","corals",1999,33.3739997644925,3,3,6
"820",133,"Honduras","corals",2000,32.3739997644925,1.75,0,0
"821",133,"Honduras","corals",2001,32.3739997644925,1.75,0,0
"822",133,"Honduras","corals",2002,0.75,1.5,0,0
"823",133,"Honduras","corals",2003,0,0,0,0
"824",133,"Honduras","corals",2004,0,0,0,0
"825",133,"Honduras","corals",2005,0,0,0,0
"826",133,"Honduras","corals",2006,0,0,0,0
"827",133,"Honduras","corals",2007,0,0,0,0
"828",133,"Honduras","corals",2008,0,0,0,0
"829",133,"Honduras","corals",2009,0,0,0,0
"830",133,"Honduras","corals",2010,0,0,0,0
"831",133,"Honduras","corals",2011,0,0,0,0
"832",133,"Honduras","corals",2012,0,0,0,0
"833",133,"Honduras","corals",2013,0,0,0,0
"834",133,"Honduras","corals",2014,0,0,0,0
"835",133,"Honduras","corals",2015,0,0,0,0
"836",133,"Honduras","corals",2016,0,0,0,0
"837",133,"Honduras","corals",2017,0,0,0,0
"838",134,"El Salvador","corals",1995,153.361022759254,4,153.361022759254,4
"839",134,"El Salvador","corals",1996,76.6805113796272,2,0,0
"840",134,"El Salvador","corals",1997,51.1203409197515,1.33333333333333,0,0
"841",134,"El Salvador","corals",1998,38.3402556898136,1,0,0
"842",134,"El Salvador","corals",1999,29.6759851479801,1.5,118.70394059192,6
"843",134,"El Salvador","corals",2000,29.6759851479801,1.5,0,0
"844",134,"El Salvador","corals",2001,54.7775538928827,2,100.40627497961,2
"845",134,"El Salvador","corals",2002,77.6403706626779,2.25,91.451267079181,1
"846",134,"El Salvador","corals",2003,68.6369065358194,1,82.6900840844864,1
"847",134,"El Salvador","corals",2004,68.6369065358194,1,0,0
"848",134,"El Salvador","corals",2005,59.8272673146894,0.75,65.1677180950901,1
"849",134,"El Salvador","corals",2006,36.9644505448941,0.5,0,0
"850",134,"El Salvador","corals",2007,271.541929523773,92.25,1021,368
"851",134,"El Salvador","corals",2008,331.541929523773,113.75,240,86
"852",134,"El Salvador","corals",2009,322.780746529075,113.75,30.122986116301,1
"853",134,"El Salvador","corals",2010,322.780746529075,113.75,0,0
"854",134,"El Salvador","corals",2011,67.5307465290753,21.75,0,0
"855",134,"El Salvador","corals",2012,7.53074652907526,0.25,0,0
"856",134,"El Salvador","corals",2013,0,0,0,0
"857",134,"El Salvador","corals",2014,0,0,0,0
"858",134,"El Salvador","corals",2015,0,0,0,0
"859",134,"El Salvador","corals",2016,0,0,0,0
"860",134,"El Salvador","corals",2017,0,0,0,0
"861",135,"Mexico","corals",2002,44,18,44,18
"862",135,"Mexico","corals",2003,31.5,10.5,19,3
"863",135,"Mexico","corals",2004,21,7,0,0
"864",135,"Mexico","corals",2005,22.75,19.25,28,56
"865",135,"Mexico","corals",2006,14.25,25.5,10,43
"866",135,"Mexico","corals",2007,18.5,28.75,36,16
"867",135,"Mexico","corals",2008,18.75,29,1,1
"868",135,"Mexico","corals",2009,11.75,15,0,0
"869",135,"Mexico","corals",2010,9.25,4.25,0,0
"870",135,"Mexico","corals",2011,0.25,0.25,0,0
"871",135,"Mexico","corals",2012,0,0,0,0
"872",135,"Mexico","corals",2013,0,0,0,0
"873",135,"Mexico","corals",2014,0,0,0,0
"874",135,"Mexico","corals",2015,0,0,0,0
"875",135,"Mexico","corals",2016,0,0,0,0
"876",135,"Mexico","corals",2017,0,0,0,0
"877",137,"Ecuador","corals",1994,45,23,45,23
"878",137,"Ecuador","corals",1995,38,26.5,31,30
"879",137,"Ecuador","corals",1996,48.6666666666667,33.3333333333333,70,47
"880",137,"Ecuador","corals",1997,46.75,34.5,41,38
"881",137,"Ecuador","corals",1998,37,32.5,6,15
"882",137,"Ecuador","corals",1999,31.75,30.75,10,23
"883",137,"Ecuador","corals",2000,14.75,20,2,4
"884",137,"Ecuador","corals",2001,5.75,13.75,5,13
"885",137,"Ecuador","corals",2002,4.5,10.75,1,3
"886",137,"Ecuador","corals",2003,2.25,5.25,1,1
"887",137,"Ecuador","corals",2004,3.5,9,7,19
"888",137,"Ecuador","corals",2005,2.25,5.75,0,0
"889",137,"Ecuador","corals",2006,6.63304079108093,5.5,18.5321631643237,2
"890",137,"Ecuador","corals",2007,86.8830407910809,70,322,259
"891",137,"Ecuador","corals",2008,86.1330407910809,67.75,4,10
"892",137,"Ecuador","corals",2009,86.1330407910809,67.75,0,0
"893",137,"Ecuador","corals",2010,81.5,67.25,0,0
"894",137,"Ecuador","corals",2011,1,2.5,0,0
"895",137,"Ecuador","corals",2012,0,0,0,0
"896",137,"Ecuador","corals",2013,0,0,0,0
"897",137,"Ecuador","corals",2014,0,0,0,0
"898",137,"Ecuador","corals",2015,0,0,0,0
"899",137,"Ecuador","corals",2016,0,0,0,0
"900",137,"Ecuador","corals",2017,0,0,0,0
"901",138,"Peru","corals",1997,4,9,4,9
"902",138,"Peru","corals",1998,6,10.5,8,12
"903",138,"Peru","corals",1999,9,10.3333333333333,15,10
"904",138,"Peru","corals",2000,8.25,11.75,6,16
"905",138,"Peru","corals",2001,18.75,14.5,46,20
"906",138,"Peru","corals",2002,25.25,14.25,34,11
"907",138,"Peru","corals",2003,22.25,13,3,5
"908",138,"Peru","corals",2004,22.1812045445058,9.5,5.72481817802327,2
"909",138,"Peru","corals",2005,11.9312045445058,5.75,5,5
"910",138,"Peru","corals",2006,4.18120454450582,4.75,3,7
"911",138,"Peru","corals",2007,4.93120454450582,5.5,6,8
"912",138,"Peru","corals",2008,7.5,11.25,16,25
"913",138,"Peru","corals",2009,9,12.5,11,10
"914",138,"Peru","corals",2010,8.5,13,1,9
"915",138,"Peru","corals",2011,19.25,42.75,49,127
"916",138,"Peru","corals",2012,30.75,71.75,62,141
"917",138,"Peru","corals",2013,44.25,125,65,223
"918",138,"Peru","corals",2014,47.25,131.5,13,35
"919",138,"Peru","corals",2015,38.5,106.5,14,27
"920",138,"Peru","corals",2016,24.7744618238171,72.5,7.09784729526823,5
"921",138,"Peru","corals",2017,11.7744618238171,22,13,21
"922",139,"Venezuela","corals",1994,1,8,1,8
"923",139,"Venezuela","corals",1995,14.5,28,28,48
"924",139,"Venezuela","corals",1996,9.66666666666667,18.6666666666667,0,0
"925",139,"Venezuela","corals",1997,7.25,14,0,0
"926",139,"Venezuela","corals",1998,7,12,0,0
"927",139,"Venezuela","corals",1999,1.75,57.5,7,230
"928",139,"Venezuela","corals",2000,2.5,61,3,14
"929",139,"Venezuela","corals",2001,6.75,69.25,17,33
"930",139,"Venezuela","corals",2002,10.25,77.25,14,32
"931",139,"Venezuela","corals",2003,8.5,19.75,0,0
"932",139,"Venezuela","corals",2004,7.75,16.25,0,0
"933",139,"Venezuela","corals",2005,3.5,8,0,0
"934",139,"Venezuela","corals",2006,0,0,0,0
"935",139,"Venezuela","corals",2007,0,0,0,0
"936",139,"Venezuela","corals",2008,0,0,0,0
"937",139,"Venezuela","corals",2009,0,0,0,0
"938",139,"Venezuela","corals",2010,0,0,0,0
"939",139,"Venezuela","corals",2011,0,0,0,0
"940",139,"Venezuela","corals",2012,0,0,0,0
"941",139,"Venezuela","corals",2013,134.5,9.25,538,37
"942",139,"Venezuela","corals",2014,295.5,22.25,644,52
"943",139,"Venezuela","corals",2015,648.5,42.5,1412,81
"944",139,"Venezuela","corals",2016,872,107.5,894,260
"945",139,"Venezuela","corals",2017,1032.5,192.5,1180,377
"946",143,"Iceland","corals",1998,17,14,17,14
"947",143,"Iceland","corals",1999,8.5,7,0,0
"948",143,"Iceland","corals",2000,216.590689130283,5,632.772067390848,1
"949",143,"Iceland","corals",2001,162.443016847712,3.75,0,0
"950",143,"Iceland","corals",2002,158.443016847712,5.75,1,22
"951",143,"Iceland","corals",2003,162.193016847712,88,15,329
"952",143,"Iceland","corals",2004,4.75,102.5,3,59
"953",143,"Iceland","corals",2005,14.5,236.75,39,537
"954",143,"Iceland","corals",2006,16.5,284.25,9,212
"955",143,"Iceland","corals",2007,13.5,236.5,3,138
"956",143,"Iceland","corals",2008,12.75,221.75,0,0
"957",143,"Iceland","corals",2009,3,87.5,0,0
"958",143,"Iceland","corals",2010,0.75,34.5,0,0
"959",143,"Iceland","corals",2011,0,0,0,0
"960",143,"Iceland","corals",2012,0,0,0,0
"961",143,"Iceland","corals",2013,0,0,0,0
"962",143,"Iceland","corals",2014,0,0,0,0
"963",143,"Iceland","corals",2015,0,0,0,0
"964",143,"Iceland","corals",2016,0,0,0,0
"965",143,"Iceland","corals",2017,0,0,0,0
"966",147,"French Polynesia","corals",2014,22.4319291990723,27,22.4319291990723,27
"967",147,"French Polynesia","corals",2015,12.2159645995362,22.5,2,18
"968",147,"French Polynesia","corals",2016,220.143976399691,152,636,411
"969",147,"French Polynesia","corals",2017,385.107982299768,259.25,880,581
"970",155,"Tonga","corals",2000,0,1,0,1
"971",155,"Tonga","corals",2001,0,0.5,0,0
"972",155,"Tonga","corals",2002,6.66666666666667,17.3333333333333,20,51
"973",155,"Tonga","corals",2003,5,13,0,0
"974",155,"Tonga","corals",2004,5,12.75,0,0
"975",155,"Tonga","corals",2005,5,12.75,0,0
"976",155,"Tonga","corals",2006,0,0,0,0
"977",155,"Tonga","corals",2007,0,0,0,0
"978",155,"Tonga","corals",2008,21.25,87.5,85,350
"979",155,"Tonga","corals",2009,28.75,116.25,30,115
"980",155,"Tonga","corals",2010,40.25,144.25,46,112
"981",155,"Tonga","corals",2011,44,158.25,15,56
"982",155,"Tonga","corals",2012,31.75,85.25,36,58
"983",155,"Tonga","corals",2013,41.75,93.25,70,147
"984",155,"Tonga","corals",2014,46.25,86.5,64,85
"985",155,"Tonga","corals",2015,42.5,72.5,0,0
"986",155,"Tonga","corals",2016,41,63.5,30,22
"987",155,"Tonga","corals",2017,26,28,10,5
"988",162,"New Zealand","corals",1990,660.949063816934,860,660.949063816934,860
"989",162,"New Zealand","corals",1991,670.776233475215,1006,680.603403133497,1152
"990",162,"New Zealand","corals",1992,658.719566656673,974.333333333333,634.606233019589,911
"991",162,"New Zealand","corals",1993,641.530668018989,901,589.963972105936,681
"992",162,"New Zealand","corals",1994,628.236079056656,925.5,607.770707967604,958
"993",162,"New Zealand","corals",1995,593.293736281182,774.25,540.834032031598,547
"994",162,"New Zealand","corals",1996,562.477707888298,656.5,511.342119448054,440
"995",162,"New Zealand","corals",1997,545.02601115246,647.25,520.157185162585,644
"996",162,"New Zealand","corals",1998,509.375420385944,490.25,465.16834490154,330
"997",162,"New Zealand","corals",1999,425.666912378045,477.75,206,497
"998",162,"New Zealand","corals",2000,361.331382516031,475,254,429
"999",162,"New Zealand","corals",2001,283.792086225385,417.25,210,413
"1000",162,"New Zealand","corals",2002,280,559.5,450,899
"1001",162,"New Zealand","corals",2003,339,656,442,883
"1002",162,"New Zealand","corals",2004,394.25,1022.25,475,1894
"1003",162,"New Zealand","corals",2005,439.25,1386,390,1868
"1004",162,"New Zealand","corals",2006,402,1552,301,1563
"1005",162,"New Zealand","corals",2007,399,1866.5,430,2141
"1006",162,"New Zealand","corals",2008,347.75,1785,270,1568
"1007",162,"New Zealand","corals",2009,300.25,1618.5,200,1202
"1008",162,"New Zealand","corals",2010,298.5,1698.25,294,1882
"1009",162,"New Zealand","corals",2011,255.5,1502.5,258,1358
"1010",162,"New Zealand","corals",2012,245.75,1433,231,1290
"1011",162,"New Zealand","corals",2013,249.75,1423.75,216,1165
"1012",162,"New Zealand","corals",2014,233.25,1180.75,228,910
"1013",162,"New Zealand","corals",2015,217,1042,193,803
"1014",162,"New Zealand","corals",2016,231.25,1023.25,288,1215
"1015",162,"New Zealand","corals",2017,239,1000.75,247,1075
"1016",163,"United States","corals",1990,25647,56198,25647,56198
"1017",163,"United States","corals",1991,24486,59398,23325,62598
"1018",163,"United States","corals",1992,24157,51209.3333333333,23499,34832
"1019",163,"United States","corals",1993,24492.5,46301.75,25499,31579
"1020",163,"United States","corals",1994,24045.75,40860.5,23860,34433
"1021",163,"United States","corals",1995,24597,36982,25530,47084
"1022",163,"United States","corals",1996,23509.75,37912.75,19150,38555
"1023",163,"United States","corals",1997,22107.25,33845,19889,15308
"1024",163,"United States","corals",1998,21197.5,27030.75,20221,7176
"1025",163,"United States","corals",1999,19934,17139.5,20476,7519
"1026",163,"United States","corals",2000,21098.75,10232,23809,10925
"1027",163,"United States","corals",2001,22956,9176.75,27318,11087
"1028",163,"United States","corals",2002,24650,9065.5,26997,6731
"1029",163,"United States","corals",2003,23783,9573,17008,9549
"1030",163,"United States","corals",2004,20990.5,8806.5,12639,7859
"1031",163,"United States","corals",2005,17540.25,8989.25,13517,11818
"1032",163,"United States","corals",2006,13793,9654,12008,9390
"1033",163,"United States","corals",2007,12313.75,9923,11091,10625
"1034",163,"United States","corals",2008,11062.75,10463.25,7635,10020
"1035",163,"United States","corals",2009,9454.75,9812.75,7085,9216
"1036",163,"United States","corals",2010,8303,10721.5,7401,13025
"1037",163,"United States","corals",2011,7759.75,11880.75,8918,15262
"1038",163,"United States","corals",2012,7751.5,11621.5,7602,8983
"1039",163,"United States","corals",2013,7399.5,9977.75,5677,2641
"1040",163,"United States","corals",2014,7036.75,7521.25,5950,3199
"1041",163,"United States","corals",2015,6251.75,4404.25,5778,2794
"1042",163,"United States","corals",2016,5712.5,2911.75,5445,3013
"1043",163,"United States","corals",2017,5611.25,3023,5272,3086
"1044",166,"Jamaica","corals",1991,18,7,18,7
"1045",166,"Jamaica","corals",1992,10.5,13.5,3,20
"1046",166,"Jamaica","corals",1993,8,14.3333333333333,3,16
"1047",166,"Jamaica","corals",1994,6,10.75,0,0
"1048",166,"Jamaica","corals",1995,1.5,9,0,0
"1049",166,"Jamaica","corals",1996,40.5,14.5,159,42
"1050",166,"Jamaica","corals",1997,40,11.5,1,4
"1051",166,"Jamaica","corals",1998,40,11.5,0,0
"1052",166,"Jamaica","corals",1999,40,11.5,0,0
"1053",166,"Jamaica","corals",2000,0.25,1,0,0
"1054",166,"Jamaica","corals",2001,0,0,0,0
"1055",166,"Jamaica","corals",2002,0,0,0,0
"1056",166,"Jamaica","corals",2003,0,0,0,0
"1057",166,"Jamaica","corals",2004,0,0,0,0
"1058",166,"Jamaica","corals",2005,0,0,0,0
"1059",166,"Jamaica","corals",2006,0,0,0,0
"1060",166,"Jamaica","corals",2007,0,0,0,0
"1061",166,"Jamaica","corals",2008,0,0,0,0
"1062",166,"Jamaica","corals",2009,0,0,0,0
"1063",166,"Jamaica","corals",2010,0,0,0,0
"1064",166,"Jamaica","corals",2011,0,0,0,0
"1065",166,"Jamaica","corals",2012,0,0,0,0
"1066",166,"Jamaica","corals",2013,0,0,0,0
"1067",166,"Jamaica","corals",2014,0,0,0,0
"1068",166,"Jamaica","corals",2015,0.47050531628048,0.25,1.88202126512192,1
"1069",166,"Jamaica","corals",2016,0.975230527528566,0.75,2.01890084499234,2
"1070",166,"Jamaica","corals",2017,1.47995573877665,1.25,2.01890084499234,2
"1071",171,"Brazil","corals",1994,7,12,7,12
"1072",171,"Brazil","corals",1995,12,9.5,17,7
"1073",171,"Brazil","corals",1996,22.6666666666667,11,44,14
"1074",171,"Brazil","corals",1997,25.25,11.25,33,12
"1075",171,"Brazil","corals",1998,24.75,9.75,5,6
"1076",171,"Brazil","corals",1999,20.5,8.25,0,1
"1077",171,"Brazil","corals",2000,9.75,5,1,1
"1078",171,"Brazil","corals",2001,1.75,2.5,1,2
"1079",171,"Brazil","corals",2002,2.75,1.75,9,3
"1080",171,"Brazil","corals",2003,131,10,513,34
"1081",171,"Brazil","corals",2004,258.25,33.25,510,94
"1082",171,"Brazil","corals",2005,266.75,46.5,35,55
"1083",171,"Brazil","corals",2006,268.5,61.75,16,64
"1084",171,"Brazil","corals",2007,143,66.75,11,54
"1085",171,"Brazil","corals",2008,16.25,55,3,47
"1086",171,"Brazil","corals",2009,7.75,48.5,1,29
"1087",171,"Brazil","corals",2010,4,33.25,1,3
"1088",171,"Brazil","corals",2011,1.5,21.75,1,8
"1089",171,"Brazil","corals",2012,1.25,14,2,16
"1090",171,"Brazil","corals",2013,3.75,23.75,11,68
"1091",171,"Brazil","corals",2014,3.5,24.25,0,5
"1092",171,"Brazil","corals",2015,3.25,23.25,0,4
"1093",171,"Brazil","corals",2016,2.75,19.5,0,1
"1094",171,"Brazil","corals",2017,0,3.25,0,3
"1095",179,"France","corals",1976,25,1544,25,1544
"1096",179,"France","corals",1977,15,1675.5,5,1807
"1097",179,"France","corals",1978,35.3333333333333,2132.33333333333,76,3046
"1098",179,"France","corals",1979,36.75,2584,41,3939
"1099",179,"France","corals",1980,33.5,2723.75,12,2103
"1100",179,"France","corals",1981,40.75,2375.25,34,413
"1101",179,"France","corals",1982,22.5,1726.75,3,452
"1102",179,"France","corals",1983,13,894,3,608
"1103",179,"France","corals",1984,11.5,584.25,6,864
"1104",179,"France","corals",1985,4.5,652.5,6,686
"1105",179,"France","corals",1986,5.75,875.25,8,1343
"1106",179,"France","corals",1987,5.75,889.5,3,665
"1107",179,"France","corals",1988,7.25,981.75,12,1233
"1108",179,"France","corals",1989,12.5,982.75,27,690
"1109",179,"France","corals",1990,10.5,647,0,0
"1110",179,"France","corals",1991,9.75,480.75,0,0
"1111",179,"France","corals",1992,6.75,172.5,0,0
"1112",179,"France","corals",1993,0,0,0,0
"1113",179,"France","corals",1994,0,0,0,0
"1114",179,"France","corals",1995,0,0,0,0
"1115",179,"France","corals",1996,0,0,0,0
"1116",179,"France","corals",1997,0,0,0,0
"1117",179,"France","corals",1998,0,0,0,0
"1118",179,"France","corals",1999,0,0,0,0
"1119",179,"France","corals",2000,0,0,0,0
"1120",179,"France","corals",2001,0,0,0,0
"1121",179,"France","corals",2002,0,0,0,0
"1122",179,"France","corals",2003,0,0,0,0
"1123",179,"France","corals",2004,0,0,0,0
"1124",179,"France","corals",2005,0,0,0,0
"1125",179,"France","corals",2006,0,0,0,0
"1126",179,"France","corals",2007,0,0,0,0
"1127",179,"France","corals",2008,0,0,0,0
"1128",179,"France","corals",2009,0,0,0,0
"1129",179,"France","corals",2010,0,0,0,0
"1130",179,"France","corals",2011,0,0,0,0
"1131",179,"France","corals",2012,0,0,0,0
"1132",179,"France","corals",2013,0,0,0,0
"1133",179,"France","corals",2014,0,0,0,0
"1134",179,"France","corals",2015,0,0,0,0
"1135",179,"France","corals",2016,0,0,0,0
"1136",179,"France","corals",2017,0,0,0,0
"1137",182,"Spain","corals",1981,620.247089396974,1099,620.247089396974,1099
"1138",182,"Spain","corals",1982,477.622187136583,841.5,334.997284876193,584
"1139",182,"Spain","corals",1983,566.281232228931,1002.33333333333,743.599322413628,1324
"1140",182,"Spain","corals",1984,679.589064539151,1207.75,1019.51256146981,1824
"1141",182,"Spain","corals",1985,686.392834175543,1221,647.462167942542,1152
"1142",182,"Spain","corals",1986,784.696587764632,1399.75,728.212299232549,1299
"1143",182,"Spain","corals",1987,775.052475089286,1383.25,705.022871712241,1258
"1144",182,"Spain","corals",1988,520.174334721833,927.25,0,0
"1145",182,"Spain","corals",1989,358.308792736198,639.25,0,0
"1146",182,"Spain","corals",1990,176.25571792806,314.5,0,0
"1147",182,"Spain","corals",1991,0,0,0,0
"1148",182,"Spain","corals",1992,0,0,0,0
"1149",182,"Spain","corals",1993,0,0,0,0
"1150",182,"Spain","corals",1994,0,0,0,0
"1151",182,"Spain","corals",1995,0,0,0,0
"1152",182,"Spain","corals",1996,0,0,0,0
"1153",182,"Spain","corals",1997,0,0,0,0
"1154",182,"Spain","corals",1998,0,0,0,0
"1155",182,"Spain","corals",1999,0,0,0,0
"1156",182,"Spain","corals",2000,0,0,0,0
"1157",182,"Spain","corals",2001,0,0,0,0
"1158",182,"Spain","corals",2002,0,0,0,0
"1159",182,"Spain","corals",2003,0,0,0,0
"1160",182,"Spain","corals",2004,0,0,0,0
"1161",182,"Spain","corals",2005,0,0,0,0
"1162",182,"Spain","corals",2006,0,0,0,0
"1163",182,"Spain","corals",2007,0,0,0,0
"1164",182,"Spain","corals",2008,0,0,0,0
"1165",182,"Spain","corals",2009,0,0,0,0
"1166",182,"Spain","corals",2010,0,0,0,0
"1167",182,"Spain","corals",2011,0,0,0,0
"1168",182,"Spain","corals",2012,0,0,0,0
"1169",182,"Spain","corals",2013,0,0,0,0
"1170",182,"Spain","corals",2014,0,0,0,0
"1171",182,"Spain","corals",2015,0,0,0,0
"1172",182,"Spain","corals",2016,0,0,0,0
"1173",182,"Spain","corals",2017,0,0,0,0
"1174",186,"Montenegro","corals",1996,145,146,145,146
"1175",186,"Montenegro","corals",1997,184,160,223,174
"1176",186,"Montenegro","corals",1998,129.666666666667,115,21,25
"1177",186,"Montenegro","corals",1999,129.25,123,128,147
"1178",186,"Montenegro","corals",2000,93,86.5,0,0
"1179",186,"Montenegro","corals",2001,66.75,61.5,118,74
"1180",186,"Montenegro","corals",2002,61.5,55.25,0,0
"1181",186,"Montenegro","corals",2003,33.25,24.75,15,25
"1182",186,"Montenegro","corals",2004,33.25,24.75,0,0
"1183",186,"Montenegro","corals",2005,3.75,6.25,0,0
"1184",186,"Montenegro","corals",2006,3.75,6.25,0,0
"1185",186,"Montenegro","corals",2007,0,0,0,0
"1186",186,"Montenegro","corals",2008,0,0,0,0
"1187",186,"Montenegro","corals",2009,0,0,0,0
"1188",186,"Montenegro","corals",2010,0,0,0,0
"1189",186,"Montenegro","corals",2011,0,0,0,0
"1190",186,"Montenegro","corals",2012,0,0,0,0
"1191",186,"Montenegro","corals",2013,0,0,0,0
"1192",186,"Montenegro","corals",2014,0,0,0,0
"1193",186,"Montenegro","corals",2015,0,0,0,0
"1194",186,"Montenegro","corals",2016,0,0,0,0
"1195",186,"Montenegro","corals",2017,0,0,0,0
"1196",187,"Croatia","corals",1994,1,55,1,55
"1197",187,"Croatia","corals",1995,1,28,1,1
"1198",187,"Croatia","corals",1996,1,32.6666666666667,1,42
"1199",187,"Croatia","corals",1997,1,34,1,38
"1200",187,"Croatia","corals",1998,1.25,28.25,2,32
"1201",187,"Croatia","corals",1999,9.13835899512372,41.25,32.5534359804949,53
"1202",187,"Croatia","corals",2000,8.88835899512372,30.75,0,0
"1203",187,"Croatia","corals",2001,8.63835899512372,21.25,0,0
"1204",187,"Croatia","corals",2002,8.13835899512372,13.25,0,0
"1205",187,"Croatia","corals",2003,0,0,0,0
"1206",187,"Croatia","corals",2004,0,0,0,0
"1207",187,"Croatia","corals",2005,0,0,0,0
"1208",187,"Croatia","corals",2006,0,0,0,0
"1209",187,"Croatia","corals",2007,0,0,0,0
"1210",187,"Croatia","corals",2008,0,0,0,0
"1211",187,"Croatia","corals",2009,0,0,0,0
"1212",187,"Croatia","corals",2010,0,0,0,0
"1213",187,"Croatia","corals",2011,0,0,0,0
"1214",187,"Croatia","corals",2012,0,0,0,0
"1215",187,"Croatia","corals",2013,0,0,0,0
"1216",187,"Croatia","corals",2014,0,0,0,0
"1217",187,"Croatia","corals",2015,0,0,0,0
"1218",187,"Croatia","corals",2016,0,0,0,0
"1219",187,"Croatia","corals",2017,0,0,0,0
"1220",195,"Ivory Coast","corals",2013,80,3,80,3
"1221",195,"Ivory Coast","corals",2014,69,2.5,58,2
"1222",195,"Ivory Coast","corals",2015,207,4.66666666666667,483,9
"1223",195,"Ivory Coast","corals",2016,384.5,9.25,917,23
"1224",195,"Ivory Coast","corals",2017,622.5,16.75,1032,33
"1225",203,"India","corals",2000,7,8,7,8
"1226",203,"India","corals",2001,27.5,19.5,48,31
"1227",203,"India","corals",2002,32.3333333333333,24,42,33
"1228",203,"India","corals",2003,52.75,20.75,114,11
"1229",203,"India","corals",2004,56,34.75,20,64
"1230",203,"India","corals",2005,55.75,46.5,47,78
"1231",203,"India","corals",2006,45.25,38.25,0,0
"1232",203,"India","corals",2007,36,85.75,77,201
"1233",203,"India","corals",2008,31,69.75,0,0
"1234",203,"India","corals",2009,19.25,51,0,3
"1235",203,"India","corals",2010,88.25,141.5,276,362
"1236",203,"India","corals",2011,72,94.75,12,14
"1237",203,"India","corals",2012,74.25,101.5,9,27
"1238",203,"India","corals",2013,74.25,101,0,1
"1239",203,"India","corals",2014,5.25,10.5,0,0
"1240",203,"India","corals",2015,2.5,22.75,1,63
"1241",203,"India","corals",2016,0.25,16,0,0
"1242",203,"India","corals",2017,0.25,15.75,0,0
"1243",206,"Malaysia","corals",1990,4,387,4,387
"1244",206,"Malaysia","corals",1991,3,532,2,677
"1245",206,"Malaysia","corals",1992,2.33333333333333,606,1,754
"1246",206,"Malaysia","corals",1993,7.67904690333773,491,23.7161876133509,146
"1247",206,"Malaysia","corals",1994,12.6264836834426,429.25,23.7897471204196,140
"1248",206,"Malaysia","corals",1995,14.0477360820128,280.25,7.68500959428047,81
"1249",206,"Malaysia","corals",1996,19.7977360820128,113,24,85
"1250",206,"Malaysia","corals",1997,20.368689178675,89.75,26,53
"1251",206,"Malaysia","corals",1998,17.9212523985701,71.5,14,67
"1252",206,"Malaysia","corals",1999,16.25,52.25,1,4
"1253",206,"Malaysia","corals",2000,10.75,33.5,2,10
"1254",206,"Malaysia","corals",2001,5.5,21.75,5,6
"1255",206,"Malaysia","corals",2002,22.5,9.75,82,19
"1256",206,"Malaysia","corals",2003,28,15,23,25
"1257",206,"Malaysia","corals",2004,39.25,31.75,47,77
"1258",206,"Malaysia","corals",2005,44,40.75,24,42
"1259",206,"Malaysia","corals",2006,24.5,40.5,4,18
"1260",206,"Malaysia","corals",2007,22,62.5,13,113
"1261",206,"Malaysia","corals",2008,13.5,61.25,13,72
"1262",206,"Malaysia","corals",2009,21,59.75,54,36
"1263",206,"Malaysia","corals",2010,32.25,88,49,131
"1264",206,"Malaysia","corals",2011,51,109.25,88,198
"1265",206,"Malaysia","corals",2012,105,196.25,229,420
"1266",206,"Malaysia","corals",2013,209,328.5,470,565
"1267",206,"Malaysia","corals",2014,260,367.75,253,288
"1268",206,"Malaysia","corals",2015,246.25,334.75,33,66
"1269",206,"Malaysia","corals",2016,192,239.25,12,38
"1270",206,"Malaysia","corals",2017,74.75,102,1,16
"1271",207,"Vietnam","corals",1998,1993,789,1993,789
"1272",207,"Vietnam","corals",1999,2465.5,893,2938,997
"1273",207,"Vietnam","corals",2000,2468,993,2473,1193
"1274",207,"Vietnam","corals",2001,2626.75,2185.75,3103,5764
"1275",207,"Vietnam","corals",2002,2364.75,2422.25,945,1735
"1276",207,"Vietnam","corals",2003,1912.25,2700.25,1128,2109
"1277",207,"Vietnam","corals",2004,1874,3492,2320,4360
"1278",207,"Vietnam","corals",2005,1907.25,3571.75,3236,6083
"1279",207,"Vietnam","corals",2006,2453,4607.75,3128,5879
"1280",207,"Vietnam","corals",2007,2771,5217.25,2400,4547
"1281",207,"Vietnam","corals",2008,2841,5423.5,2600,5185
"1282",207,"Vietnam","corals",2009,2907,5541.75,3500,6556
"1283",207,"Vietnam","corals",2010,2875,5625.5,3000,6214
"1284",207,"Vietnam","corals",2011,3025,6022.25,3000,6134
"1285",207,"Vietnam","corals",2012,3087.5,6177,2850,5804
"1286",207,"Vietnam","corals",2013,2612.5,5333,1600,3180
"1287",207,"Vietnam","corals",2014,2446.25,4956,2335,4706
"1288",207,"Vietnam","corals",2015,2446.25,4926,3000,6014
"1289",207,"Vietnam","corals",2016,2386.5,4719.5,2611,4978
"1290",207,"Vietnam","corals",2017,2577,5814.75,2362,7561
"1291",208,"Singapore","corals",1990,1012,7615,1012,7615
"1292",208,"Singapore","corals",1991,732.5,5224,453,2833
"1293",208,"Singapore","corals",1992,654.333333333333,4441.66666666667,498,2877
"1294",208,"Singapore","corals",1993,573.25,3800.75,330,1878
"1295",208,"Singapore","corals",1994,367.25,2156.25,188,1037
"1296",208,"Singapore","corals",1995,254,1448,0,0
"1297",208,"Singapore","corals",1996,129.5,728.75,0,0
"1298",208,"Singapore","corals",1997,47,259.25,0,0
"1299",208,"Singapore","corals",1998,0,0,0,0
"1300",208,"Singapore","corals",1999,0,0,0,0
"1301",208,"Singapore","corals",2000,0,0,0,0
"1302",208,"Singapore","corals",2001,0,0,0,0
"1303",208,"Singapore","corals",2002,0,0,0,0
"1304",208,"Singapore","corals",2003,0,0,0,0
"1305",208,"Singapore","corals",2004,0,0,0,0
"1306",208,"Singapore","corals",2005,0,0,0,0
"1307",208,"Singapore","corals",2006,0,0,0,0
"1308",208,"Singapore","corals",2007,0,0,0,0
"1309",208,"Singapore","corals",2008,0,0,0,0
"1310",208,"Singapore","corals",2009,0,0,0,0
"1311",208,"Singapore","corals",2010,29.0332025261469,0.75,116.132810104587,3
"1312",208,"Singapore","corals",2011,29.2832025261469,3.75,1,12
"1313",208,"Singapore","corals",2012,29.2832025261469,3.75,0,0
"1314",208,"Singapore","corals",2013,29.2832025261469,3.75,0,0
"1315",208,"Singapore","corals",2014,0.25,3,0,0
"1316",208,"Singapore","corals",2015,0,0,0,0
"1317",208,"Singapore","corals",2016,0,0,0,0
"1318",208,"Singapore","corals",2017,0,0,0,0
"1319",209,"China","corals",1990,0,565,0,565
"1320",209,"China","corals",1991,0,726,0,887
"1321",209,"China","corals",1992,0,810.666666666667,0,980
"1322",209,"China","corals",1993,47.7303194068954,863.75,190.921277627582,1023
"1323",209,"China","corals",1994,536.480319406895,1155.25,1955,1731
"1324",209,"China","corals",1995,1406.7303194069,1280.5,3481,1388
"1325",209,"China","corals",1996,1843.7303194069,1195.25,1748,639
"1326",209,"China","corals",1997,2569.25,1393.25,3093,1815
"1327",209,"China","corals",1998,2437.75,1088.75,1429,513
"1328",209,"China","corals",1999,1972.5,879.5,1620,551
"1329",209,"China","corals",2000,1712.25,818.25,707,394
"1330",209,"China","corals",2001,1410,525.75,1884,645
"1331",209,"China","corals",2002,1630,563.25,2309,663
"1332",209,"China","corals",2003,1782,622.75,2228,789
"1333",209,"China","corals",2004,2410.25,729,3220,819
"1334",209,"China","corals",2005,3173.5,984.5,4937,1667
"1335",209,"China","corals",2006,4045,1343.25,5795,2098
"1336",209,"China","corals",2007,5407.75,1751.5,7679,2422
"1337",209,"China","corals",2008,6332.5,2042.25,6919,1982
"1338",209,"China","corals",2009,8754.5,2515.25,14625,3559
"1339",209,"China","corals",2010,11732,3053,17705,4249
"1340",209,"China","corals",2011,12551.75,3392.25,10958,3779
"1341",209,"China","corals",2012,13375.75,3856.75,10215,3840
"1342",209,"China","corals",2013,11922,3962.5,8810,3982
"1343",209,"China","corals",2014,10414.75,3996.5,11676,4385
"1344",209,"China","corals",2015,10611,4547.5,11743,5983
"1345",209,"China","corals",2016,10628.75,4933.5,10286,5384
"1346",209,"China","corals",2017,10652.25,5146.25,8904,4833
"1347",210,"Japan","corals",1976,15,1883,15,1883
"1348",210,"Japan","corals",1977,11.5,2085.5,8,2288
"1349",210,"Japan","corals",1978,9.66666666666667,1832,6,1325
"1350",210,"Japan","corals",1979,8,1596.25,3,889
"1351",210,"Japan","corals",1980,5.75,1331.25,6,823
"1352",210,"Japan","corals",1981,4.75,967.75,4,834
"1353",210,"Japan","corals",1982,5.25,899,8,1050
"1354",210,"Japan","corals",1983,13.25,1208,35,2125
"1355",210,"Japan","corals",1984,16.5,1545,19,2171
"1356",210,"Japan","corals",1985,18.25,1723.75,11,1549
"1357",210,"Japan","corals",1986,18.5,2140.75,9,2718
"1358",210,"Japan","corals",1987,9.75,1609.5,0,0
"1359",210,"Japan","corals",1988,5,1066.75,0,0
"1360",210,"Japan","corals",1989,2.25,679.5,0,0
"1361",210,"Japan","corals",1990,934,2596,3736,10384
"1362",210,"Japan","corals",1991,1735.75,4676.75,3207,8323
"1363",210,"Japan","corals",1992,2533.75,6786,3192,8437
"1364",210,"Japan","corals",1993,3808.75,9244,5100,9832
"1365",210,"Japan","corals",1994,5906,12833.5,12125,24742
"1366",210,"Japan","corals",1995,6995.75,13331.75,7566,10316
"1367",210,"Japan","corals",1996,8160,14013,7849,11162
"1368",210,"Japan","corals",1997,8488,13632.5,6412,8310
"1369",210,"Japan","corals",1998,6343.25,8654,3546,4828
"1370",210,"Japan","corals",1999,5253,7210,3205,4540
"1371",210,"Japan","corals",2000,4820,6029,6117,6438
"1372",210,"Japan","corals",2001,5818.5,5362,10406,5642
"1373",210,"Japan","corals",2002,6687.5,6394.5,7022,8958
"1374",210,"Japan","corals",2003,6498.5,7850.75,2449,10365
"1375",210,"Japan","corals",2004,5577.5,8750.5,2433,10037
"1376",210,"Japan","corals",2005,3923.25,10029.5,3789,10758
"1377",210,"Japan","corals",2006,3121.75,13778.5,3816,23954
"1378",210,"Japan","corals",2007,3415.75,15383.75,3625,16786
"1379",210,"Japan","corals",2008,3475.5,16413.75,2672,14157
"1380",210,"Japan","corals",2009,3270.25,18089,2968,17459
"1381",210,"Japan","corals",2010,3121.75,21886,3222,39142
"1382",210,"Japan","corals",2011,3909,30263.75,6774,50297
"1383",210,"Japan","corals",2012,6993,40740.75,15008,56065
"1384",210,"Japan","corals",2013,8919.5,50673.75,10674,57191
"1385",210,"Japan","corals",2014,11312.25,55367.25,12793,57916
"1386",210,"Japan","corals",2015,15119.25,59243.5,22002,65802
"1387",210,"Japan","corals",2016,17708,61193.75,25363,63866
"1388",210,"Japan","corals",2017,22045.75,59914.5,28025,52074
"1389",214,"Egypt","corals",1994,3,6,3,6
"1390",214,"Egypt","corals",1995,2.5,4.5,2,3
"1391",214,"Egypt","corals",1996,1.66666666666667,3,0,0
"1392",214,"Egypt","corals",1997,6,8.25,19,24
"1393",214,"Egypt","corals",1998,8.5,13.75,13,28
"1394",214,"Egypt","corals",1999,10.75,16.75,11,15
"1395",214,"Egypt","corals",2000,12.75,18.75,8,8
"1396",214,"Egypt","corals",2001,11.75,18.25,15,22
"1397",214,"Egypt","corals",2002,9.5,12.75,4,6
"1398",214,"Egypt","corals",2003,6.75,9,0,0
"1399",214,"Egypt","corals",2004,4.75,7,0,0
"1400",214,"Egypt","corals",2005,1,1.5,0,0
"1401",214,"Egypt","corals",2006,0.75,1.75,3,7
"1402",214,"Egypt","corals",2007,0.75,1.75,0,0
"1403",214,"Egypt","corals",2008,0.75,1.75,0,0
"1404",214,"Egypt","corals",2009,17.2230333203083,3.25,65.8921332812333,6
"1405",214,"Egypt","corals",2010,16.4730333203083,1.5,0,0
"1406",214,"Egypt","corals",2011,31.5136322676954,2.25,60.1623957895481,3
"1407",214,"Egypt","corals",2012,31.5136322676954,2.25,0,0
"1408",214,"Egypt","corals",2013,15.040598947387,0.75,0,0
"1409",214,"Egypt","corals",2014,15.040598947387,0.75,0,0
"1410",214,"Egypt","corals",2015,0,0,0,0
"1411",214,"Egypt","corals",2016,0,0,0,0
"1412",214,"Egypt","corals",2017,0,0,0,0
"1413",216,"Indonesia","corals",1994,1131,5949,1131,5949
"1414",216,"Indonesia","corals",1995,1151,5860.5,1171,5772
"1415",216,"Indonesia","corals",1996,767.333333333333,3907,0,0
"1416",216,"Indonesia","corals",1997,575.5,2930.25,0,0
"1417",216,"Indonesia","corals",1998,292.75,1443,0,0
"1418",216,"Indonesia","corals",1999,0,0,0,0
"1419",216,"Indonesia","corals",2000,0,0,0,0
"1420",216,"Indonesia","corals",2001,0,0,0,0
"1421",216,"Indonesia","corals",2002,0,0,0,0
"1422",216,"Indonesia","corals",2003,0,0,0,0
"1423",216,"Indonesia","corals",2004,0,0,0,0
"1424",216,"Indonesia","corals",2005,0,0,0,0
"1425",216,"Indonesia","corals",2006,0,0,0,0
"1426",216,"Indonesia","corals",2007,0,0,0,0
"1427",216,"Indonesia","corals",2008,0,0,0,0
"1428",216,"Indonesia","corals",2009,17.5,37.5,70,150
"1429",216,"Indonesia","corals",2010,172.5,377,620,1358
"1430",216,"Indonesia","corals",2011,465.5,1032.5,1172,2622
"1431",216,"Indonesia","corals",2012,790.5,1907.5,1300,3500
"1432",216,"Indonesia","corals",2013,1061.25,2829.5,1153,3838
"1433",216,"Indonesia","corals",2014,1145.75,3429.25,958,3757
"1434",216,"Indonesia","corals",2015,1062.75,3846.75,840,4292
"1435",216,"Indonesia","corals",2016,966.5,4358,915,5545
"1436",216,"Indonesia","corals",2017,713.75,3610,142,846
"1437",218,"Canada","corals",1990,1098,470,1098,470
"1438",218,"Canada","corals",1991,907,456.5,716,443
"1439",218,"Canada","corals",1992,686.333333333333,374.333333333333,245,210
"1440",218,"Canada","corals",1993,775.25,419.5,1042,555
"1441",218,"Canada","corals",1994,765,419,1057,468
"1442",218,"Canada","corals",1995,1034.75,495.75,1795,750
"1443",218,"Canada","corals",1996,1124,605,602,647
"1444",218,"Canada","corals",1997,968.25,623.75,419,630
"1445",218,"Canada","corals",1998,872,659,672,609
"1446",218,"Canada","corals",1999,978.25,653.75,2220,729
"1447",218,"Canada","corals",2000,1551,773,2893,1124
"1448",218,"Canada","corals",2001,2479,958.75,4131,1373
"1449",218,"Canada","corals",2002,2832.75,988.75,2087,729
"1450",218,"Canada","corals",2003,2669.75,956.75,1568,601
"1451",218,"Canada","corals",2004,2545,979.5,2394,1215
"1452",218,"Canada","corals",2005,1691.25,757.75,716,486
"1453",218,"Canada","corals",2006,1206.25,700.75,147,501
"1454",218,"Canada","corals",2007,862.75,679,194,514
"1455",218,"Canada","corals",2008,361.75,519.25,390,576
"1456",218,"Canada","corals",2009,231.25,470.25,194,290
"1457",218,"Canada","corals",2010,290,495,382,600
"1458",218,"Canada","corals",2011,550.25,1218.75,1235,3409
"1459",218,"Canada","corals",2012,583.25,1282.25,522,830
"1460",218,"Canada","corals",2013,728,1368.5,773,635
"1461",218,"Canada","corals",2014,991.75,1599,1437,1522
"1462",218,"Canada","corals",2015,948.25,880.75,1061,536
"1463",218,"Canada","corals",2016,1252.25,878,1738,819
"1464",218,"Canada","corals",2017,1342,862,1132,571
"1465",220,"Sint Maarten","corals",2000,0,0.25,0,0.25
"1466",220,"Sint Maarten","corals",2001,0.125,0.625,0.25,1
"1467",220,"Sint Maarten","corals",2002,0.25,1,0.5,1.75
"1468",220,"Sint Maarten","corals",2003,0.25,1.0625,0.25,1.25
"1469",220,"Sint Maarten","corals",2004,0.25,1,0,0
"1470",220,"Sint Maarten","corals",2005,0.1875,0.75,0,0
"1471",220,"Sint Maarten","corals",2006,0.0625,0.3125,0,0
"1472",220,"Sint Maarten","corals",2007,0,0,0,0
"1473",220,"Sint Maarten","corals",2008,0,0,0,0
"1474",220,"Sint Maarten","corals",2009,0,0,0,0
"1475",220,"Sint Maarten","corals",2010,0,0,0,0
"1476",220,"Sint Maarten","corals",2011,0,0,0,0
"1477",220,"Sint Maarten","corals",2012,0,0,0,0
"1478",220,"Sint Maarten","corals",2013,0,0,0,0
"1479",220,"Sint Maarten","corals",2014,0,0,0,0
"1480",220,"Sint Maarten","corals",2015,0,0,0,0
"1481",220,"Sint Maarten","corals",2016,0,0,0,0
"1482",220,"Sint Maarten","corals",2017,0,0,0,0
"1483",223,"Norway","corals",1995,915.714825304894,3,915.714825304894,3
"1484",223,"Norway","corals",1996,927.326938428443,17.5,938.939051551992,32
"1485",223,"Norway","corals",1997,916.551292285629,63.3333333333333,895,155
"1486",223,"Norway","corals",1998,972.913469214222,71.75,1142,97
"1487",223,"Norway","corals",1999,1179.984762888,98,1744,108
"1488",223,"Norway","corals",2000,1256.25,116.75,1244,107
"1489",223,"Norway","corals",2001,1625.75,120,2373,168
"1490",223,"Norway","corals",2002,1912.5,149.25,2289,214
"1491",223,"Norway","corals",2003,2124.5,194.25,2592,288
"1492",223,"Norway","corals",2004,2641.25,244.25,3311,307
"1493",223,"Norway","corals",2005,3268.75,348.5,4883,585
"1494",223,"Norway","corals",2006,3124.25,376.75,1711,327
"1495",223,"Norway","corals",2007,2579.5,465.25,413,642
"1496",223,"Norway","corals",2008,1795,514.25,173,503
"1497",223,"Norway","corals",2009,580.5,398.25,25,121
"1498",223,"Norway","corals",2010,155.75,320.5,12,16
"1499",223,"Norway","corals",2011,55,165,10,20
"1500",223,"Norway","corals",2012,12.5,41.25,3,8
"1501",223,"Norway","corals",2013,7.75,18,6,28
"1502",223,"Norway","corals",2014,5.5,36.5,3,90
"1503",223,"Norway","corals",2015,3.25,32.5,1,4
"1504",223,"Norway","corals",2016,2.75,31.5,1,4
"1505",223,"Norway","corals",2017,1.75,27.75,2,13
"1506",224,"Chile","corals",1994,842,699,842,699
"1507",224,"Chile","corals",1995,625.5,672,409,645
"1508",224,"Chile","corals",1996,530.333333333333,569,340,363
"1509",224,"Chile","corals",1997,458.25,493.75,242,268
"1510",224,"Chile","corals",1998,367,412,477,372
"1511",224,"Chile","corals",1999,341.5,295.5,307,179
"1512",224,"Chile","corals",2000,326.5,257.25,280,210
"1513",224,"Chile","corals",2001,391.5,275.5,502,341
"1514",224,"Chile","corals",2002,337.25,227.5,260,180
"1515",224,"Chile","corals",2003,288.75,220.5,113,151
"1516",224,"Chile","corals",2004,230.5,193,47,100
"1517",224,"Chile","corals",2005,107,123,8,61
"1518",224,"Chile","corals",2006,56.75,106,59,112
"1519",224,"Chile","corals",2007,28.5,68.25,0,0
"1520",224,"Chile","corals",2008,16.75,43.25,0,0
"1521",224,"Chile","corals",2009,14.75,28,0,0
"1522",224,"Chile","corals",2010,0,0,0,0
"1523",224,"Chile","corals",2011,0,0,0,0
"1524",224,"Chile","corals",2012,0,0,0,0
"1525",224,"Chile","corals",2013,0,0,0,0
"1526",224,"Chile","corals",2014,0,0,0,0
"1527",224,"Chile","corals",2015,0,0,0,0
"1528",224,"Chile","corals",2016,0,0,0,0
"1529",224,"Chile","corals",2017,0,0,0,0
"1530",245,"Bonaire","corals",2000,0,0.25,0,0.25
"1531",245,"Bonaire","corals",2001,0.125,0.625,0.25,1
"1532",245,"Bonaire","corals",2002,0.25,1,0.5,1.75
"1533",245,"Bonaire","corals",2003,0.25,1.0625,0.25,1.25
"1534",245,"Bonaire","corals",2004,0.25,1,0,0
"1535",245,"Bonaire","corals",2005,0.1875,0.75,0,0
"1536",245,"Bonaire","corals",2006,0.0625,0.3125,0,0
"1537",245,"Bonaire","corals",2007,0,0,0,0
"1538",245,"Bonaire","corals",2008,0,0,0,0
"1539",245,"Bonaire","corals",2009,0,0,0,0
"1540",245,"Bonaire","corals",2010,0,0,0,0
"1541",245,"Bonaire","corals",2011,0,0,0,0
"1542",245,"Bonaire","corals",2012,0,0,0,0
"1543",245,"Bonaire","corals",2013,0,0,0,0
"1544",245,"Bonaire","corals",2014,0,0,0,0
"1545",245,"Bonaire","corals",2015,0,0,0,0
"1546",245,"Bonaire","corals",2016,0,0,0,0
"1547",245,"Bonaire","corals",2017,0,0,0,0
"1548",248,"Saba","corals",2000,0,0.25,0,0.25
"1549",248,"Saba","corals",2001,0.125,0.625,0.25,1
"1550",248,"Saba","corals",2002,0.25,1,0.5,1.75
"1551",248,"Saba","corals",2003,0.25,1.0625,0.25,1.25
"1552",248,"Saba","corals",2004,0.25,1,0,0
"1553",248,"Saba","corals",2005,0.1875,0.75,0,0
"1554",248,"Saba","corals",2006,0.0625,0.3125,0,0
"1555",248,"Saba","corals",2007,0,0,0,0
"1556",248,"Saba","corals",2008,0,0,0,0
"1557",248,"Saba","corals",2009,0,0,0,0
"1558",248,"Saba","corals",2010,0,0,0,0
"1559",248,"Saba","corals",2011,0,0,0,0
"1560",248,"Saba","corals",2012,0,0,0,0
"1561",248,"Saba","corals",2013,0,0,0,0
"1562",248,"Saba","corals",2014,0,0,0,0
"1563",248,"Saba","corals",2015,0,0,0,0
"1564",248,"Saba","corals",2016,0,0,0,0
"1565",248,"Saba","corals",2017,0,0,0,0
"1566",249,"Sint Eustatius","corals",2000,0,0.25,0,0.25
"1567",249,"Sint Eustatius","corals",2001,0.125,0.625,0.25,1
"1568",249,"Sint Eustatius","corals",2002,0.25,1,0.5,1.75
"1569",249,"Sint Eustatius","corals",2003,0.25,1.0625,0.25,1.25
"1570",249,"Sint Eustatius","corals",2004,0.25,1,0,0
"1571",249,"Sint Eustatius","corals",2005,0.1875,0.75,0,0
"1572",249,"Sint Eustatius","corals",2006,0.0625,0.3125,0,0
"1573",249,"Sint Eustatius","corals",2007,0,0,0,0
"1574",249,"Sint Eustatius","corals",2008,0,0,0,0
"1575",249,"Sint Eustatius","corals",2009,0,0,0,0
"1576",249,"Sint Eustatius","corals",2010,0,0,0,0
"1577",249,"Sint Eustatius","corals",2011,0,0,0,0
"1578",249,"Sint Eustatius","corals",2012,0,0,0,0
"1579",249,"Sint Eustatius","corals",2013,0,0,0,0
"1580",249,"Sint Eustatius","corals",2014,0,0,0,0
"1581",249,"Sint Eustatius","corals",2015,0,0,0,0
"1582",249,"Sint Eustatius","corals",2016,0,0,0,0
"1583",249,"Sint Eustatius","corals",2017,0,0,0,0
