"rgn_id","taxa_code","sust_coeff"
5,"Blue shrimp_1","georegion_family_avg"
5,"Pacific cupped oyster_2","global_species"
5,"Snappers nei_3","taxon_group_avg"
6,"Blue shrimp_4","region_family_avg"
6,"Whiteleg shrimp_5","global_species"
7,"Giant tiger prawn_6","global_species"
8,"Bear paw clam_7","family_avg"
8,"Crocus giant clam_8","family_avg"
8,"Elongate giant clam_9","family_avg"
8,"Fluted giant clam_10","family_avg"
8,"Giant clam_11","family_avg"
8,"Milkfish_12","taxon_group_avg"
8,"Penaeus shrimps nei_13","family_avg"
8,"Smooth giant clam_14","family_avg"
10,"Milkfish_15","taxon_group_avg"
11,"Sixfinger threadfin_16","taxon_group_avg"
13,"Banana prawn_17","region_family_avg"
13,"Milkfish_18","taxon_group_avg"
13,"Mullets nei_19","taxon_group_avg"
13,"Whiteleg shrimp_20","global_species"
14,"Abalones nei_21","global_species"
14,"Abalones nei_22","global_species"
14,"Amberjacks nei_23","region_family_avg"
14,"Amberjacks nei_24","region_family_avg"
14,"Barramundi(=Giant seaperch)_25","global_species"
14,"Barramundi(=Giant seaperch)_26","global_species"
14,"Blackhead seabream_27","family_avg"
14,"Blackhead seabream_28","family_avg"
14,"Blood cockle_29","global_species"
14,"Blue swimming crab_30","global_avg"
14,"Clams, etc. nei_31","region_family_avg"
14,"Clams, etc. nei_32","region_family_avg"
14,"Cobia_33","global_species"
14,"Cobia_34","global_species"
14,"Croakers, drums nei_35","family_avg"
14,"Flathead grey mullet_36","taxon_group_avg"
14,"Fourfinger threadfin_37","taxon_group_avg"
14,"Giant tiger prawn_38","global_species"
14,"Greasyback shrimp_39","region_family_avg"
14,"Greater amberjack_40","global_species"
14,"Groupers nei_41","taxon_group_avg"
14,"Groupers nei_42","taxon_group_avg"
14,"Indo-Pacific swamp crab_43","global_avg"
14,"Japanese carpet shell_44","global_species"
14,"Japanese carpet shell_45","global_species"
14,"Japanese eel_46","none"
14,"Japanese hard clam_47","region_family_avg"
14,"Japanese hard clam_48","region_family_avg"
14,"Japanese spiny lobster_49","global_avg"
14,"Kuruma prawn_50","region_family_avg"
14,"Kuruma prawn_51","region_family_avg"
14,"Laver (Nori)_52","seaweed_score"
14,"Marine crabs nei_53","global_avg"
14,"Marine fishes nei_54","taxon_group_avg"
14,"Marine fishes nei_55","taxon_group_avg"
14,"Marine molluscs nei_56","taxon_group_avg"
14,"Marine molluscs nei_57","taxon_group_avg"
14,"Mi-iuy (brown) croaker_58","family_avg"
14,"Milkfish_59","taxon_group_avg"
14,"Natantian decapods nei_60","global_avg"
14,"Pacific cupped oyster_61","global_species"
14,"Porgies, seabreams nei_62","family_avg"
14,"Porgies, seabreams nei_63","family_avg"
14,"Redtail prawn_64","region_family_avg"
14,"Seabasses nei_65","taxon_group_avg"
14,"Seaweeds nei_66","seaweed_score"
14,"Snappers, jobfishes nei_67","taxon_group_avg"
14,"Snappers, jobfishes nei_68","taxon_group_avg"
14,"Trumpet emperor_69","taxon_group_avg"
14,"Whiteleg shrimp_70","global_species"
15,"Banana prawn_71","region_family_avg"
15,"Barramundi(=Giant seaperch)_72","global_species"
15,"Caulerpa seaweeds_73","seaweed_score"
15,"Cupped oysters nei_74","georegion_family_avg"
15,"Flathead lobster_75","global_avg"
15,"Giant tiger prawn_76","none"
15,"Giant tiger prawn_77","none"
15,"Green mussel_78","family_avg"
15,"Groupers, seabasses nei_79","taxon_group_avg"
15,"Groupers, seabasses nei_80","taxon_group_avg"
15,"Indo-Pacific swamp crab_81","global_avg"
15,"Indo-Pacific swamp crab_82","global_avg"
15,"Jacks, crevalles nei_83","region_family_avg"
15,"Marine fishes nei_84","taxon_group_avg"
15,"Marine fishes nei_85","taxon_group_avg"
15,"Metapenaeus shrimps nei_86","region_family_avg"
15,"Metapenaeus shrimps nei_87","taxon_group_avg"
15,"Milkfish_88","taxon_group_avg"
15,"Milkfish_89","taxon_group_avg"
15,"Scats_90","taxon_group_avg"
15,"Snappers nei_91","taxon_group_avg"
15,"Snubnose pompano_92","global_species"
15,"Tropical spiny lobsters nei_93","global_avg"
15,"Whiteleg shrimp_94","none"
16,"Abalones nei_95","global_species"
16,"Atlantic salmon_96","global_species"
16,"Australian mussel_97","taxon_group_avg"
16,"Barramundi(=Giant seaperch)_99","global_species"
16,"Barramundi(=Giant seaperch)_100","global_species"
16,"Brine shrimp_102","taxon_group_avg"
16,"Cupped oysters nei_103","region_family_avg"
16,"Cupped oysters nei_104","region_family_avg"
16,"Eastern school shrimp_105","region_family_avg"
16,"Finfishes nei_106","taxon_group_avg"
16,"Flat and cupped oysters nei_107","region_family_avg"
16,"Flat and cupped oysters nei_108","region_family_avg"
16,"Giant tiger prawn_109","global_species"
16,"Giant tiger prawn_110","global_species"
16,"Kuruma prawn_111","region_family_avg"
16,"Marine fishes nei_112","taxon_group_avg"
16,"Pacific cupped oyster_113","global_species"
16,"Penaeus shrimps nei_114","region_family_avg"
16,"Penaeus shrimps nei_115","region_family_avg"
16,"Rainbow trout_116","global_species"
16,"Southern bluefin tuna_117","none"
17,"Giant tiger prawn_118","global_species"
17,"Indo-Pacific swamp crab_119","global_avg"
17,"Milkfish_120","taxon_group_avg"
17,"Pearl oyster shells nei_121","taxon_group_avg"
18,"Giant tiger prawn_122","global_species"
18,"Indo-Pacific swamp crab_123","global_avg"
18,"Pearl oyster shells nei_124","taxon_group_avg"
19,"Milkfish_125","taxon_group_avg"
20,"Abalones nei_126","global_species"
20,"Aquatic invertebrates nei_127","global_avg"
20,"Bastard halibut_128","taxon_group_avg"
20,"Blackhead seabream_129","family_avg"
20,"Blood cockle_130","global_species"
20,"Dotted gizzard shad_131","taxon_group_avg"
20,"Filefishes, leatherjackets nei_132","taxon_group_avg"
20,"Fleshy prawn_133","region_family_avg"
20,"Fusiform sargassum_134","seaweed_score"
20,"Globose clam_135","family_avg"
20,"Green laver_136","seaweed_score"
20,"groupers nei_137","taxon_group_avg"
20,"Horned turban_138","taxon_group_avg"
20,"Inflated ark_139","region_family_avg"
20,"Jack and horse mackerels nei_140","georegion_family_avg"
20,"Japanese carpet shell_141","global_species"
20,"Japanese hard clam_142","region_family_avg"
20,"Japanese kelp_143","seaweed_score"
20,"Japanese seabream_144","family_avg"
20,"Korean mussel_145","family_avg"
20,"Korean rockfish_146","taxon_group_avg"
20,"Kuruma prawn_147","region_family_avg"
20,"Laver (Nori)_148","seaweed_score"
20,"Marine crustaceans nei_149","global_avg"
20,"Marine fishes nei_150","taxon_group_avg"
20,"Marine molluscs nei_151","taxon_group_avg"
20,"Mi-iuy (brown) croaker_152","family_avg"
20,"Mullets nei_153","taxon_group_avg"
20,"Okhotsk atka mackerel_154","taxon_group_avg"
20,"Pacific chub mackerel_155","georegion_family_avg"
20,"Pacific cupped oyster_156","global_species"
20,"Porgies, seabreams nei_157","family_avg"
20,"Pufferfishes nei_158","taxon_group_avg"
20,"Righteye flounders nei_159","family_avg"
20,"Scorpionfishes, redfishes nei_160","taxon_group_avg"
20,"Sea squirts nei_161","global_avg"
20,"Seabasses nei_162","taxon_group_avg"
20,"Wakame_163","seaweed_score"
20,"Whiteleg shrimp_164","global_species"
20,"Yesso scallop_165","global_species"
21,"Atlantic salmon_166","global_species"
21,"Clams, etc. nei_167","georegion_family_avg"
21,"Japanese kelp_168","seaweed_score"
21,"Japanese sea cucumber_169","global_avg"
21,"Laver (Nori)_170","seaweed_score"
21,"Marine fishes nei_171","taxon_group_avg"
21,"Tiger pufferfish_172","taxon_group_avg"
21,"Wakame_173","seaweed_score"
21,"Yesso scallop_174","global_species"
24,"Barramundi(=Giant seaperch)_175","global_species"
24,"Blood cockle_176","global_species"
24,"Green mussel_177","family_avg"
24,"Groupers nei_178","taxon_group_avg"
24,"Indo-Pacific swamp crab_179","global_avg"
24,"Marine fishes nei_180","taxon_group_avg"
24,"Marine molluscs nei_181","taxon_group_avg"
24,"Penaeus shrimps nei_182","georegion_family_avg"
24,"Snappers nei_183","taxon_group_avg"
25,"Abalones nei_184","global_species"
25,"Banana prawn_185","region_family_avg"
25,"Barramundi(=Giant seaperch)_186","global_species"
25,"Barramundi(=Giant seaperch)_187","global_species"
25,"Blood cockle_188","global_species"
25,"Blood cockle_189","global_species"
25,"Cupped oysters nei_190","georegion_family_avg"
25,"Cupped oysters nei_191","georegion_family_avg"
25,"Fourfinger threadfin_192","taxon_group_avg"
25,"Giant tiger prawn_193","none"
25,"Giant tiger prawn_194","none"
25,"Green mussel_195","family_avg"
25,"Green mussel_196","family_avg"
25,"Groupers nei_197","taxon_group_avg"
25,"Groupers nei_198","taxon_group_avg"
25,"Indo-Pacific swamp crab_199","global_avg"
25,"Marine fishes nei_200","taxon_group_avg"
25,"Metapenaeus shrimps nei_201","region_family_avg"
25,"Penaeus shrimps nei_202","region_family_avg"
25,"Sea mussels nei_203","family_avg"
25,"Squaretail mullet_204","taxon_group_avg"
25,"Whiteleg shrimp_205","none"
25,"Whiteleg shrimp_206","none"
29,"Cobia_207","global_species"
29,"Red drum_208","family_avg"
31,"Giant tiger prawn_209","global_species"
32,"Drums nei_210","family_avg"
32,"Marine fishes nei_211","taxon_group_avg"
32,"Pargo breams nei_212","family_avg"
37,"European seabass_213","global_species"
37,"Giant tiger prawn_214","global_species"
37,"Goldlined seabream_215","family_avg"
37,"Hooded oyster_216","global_species"
37,"Indo-Pacific swamp crab_217","global_avg"
37,"Marine fishes nei_218","taxon_group_avg"
37,"Metapenaeus shrimps nei_219","taxon_group_avg"
37,"Red drum_220","family_avg"
40,"Barramundi(=Giant seaperch)_221","global_species"
40,"Giant tiger prawn_222","global_species"
40,"Indian backwater oyster_223","family_avg"
40,"Indo-Pacific swamp crab_224","global_avg"
40,"Milkfish_225","taxon_group_avg"
41,"Giant tiger prawn_226","global_species"
41,"Indian white prawn_227","region_family_avg"
41,"Japanese meagre_228","family_avg"
42,"Giant tiger prawn_229","global_species"
42,"Indo-Pacific swamp crab_230","global_avg"
42,"Sea cucumbers nei_231","global_avg"
43,"Milkfish_232","taxon_group_avg"
43,"Penaeus shrimps nei_233","georegion_family_avg"
45,"Penaeus shrimps nei_234","georegion_family_avg"
47,"Indian white prawn_235","georegion_family_avg"
48,"Gilthead seabream_236","global_species"
48,"Indian white prawn_237","georegion_family_avg"
48,"Yellowfin tuna_238","georegion_family_avg"
50,"Barramundi(=Giant seaperch)_239","global_species"
50,"Flathead grey mullet_240","taxon_group_avg"
50,"Giant tiger prawn_241","global_species"
50,"Gilthead seabream_242","global_species"
50,"Groupers nei_243","taxon_group_avg"
50,"Indian white prawn_244","region_family_avg"
50,"Metapenaeus shrimps nei_245","taxon_group_avg"
50,"Sobaity seabream_246","region_family_avg"
50,"Whiteleg shrimp_247","global_species"
51,"Gilthead seabream_248","global_species"
51,"Goldsilk seabream_249","region_family_avg"
51,"Groupers nei_250","taxon_group_avg"
51,"Marine fishes nei_251","taxon_group_avg"
51,"Sobaity seabream_252","region_family_avg"
52,"Gilthead seabream_253","global_species"
52,"Groupers nei_254","taxon_group_avg"
52,"Sobaity seabream_255","region_family_avg"
52,"White-spotted spinefoot_256","taxon_group_avg"
53,"Penaeus shrimps nei_257","georegion_family_avg"
54,"European seabass_258","global_species"
54,"Gilthead seabream_259","global_species"
54,"Indian white prawn_260","georegion_family_avg"
54,"Sobaity seabream_261","region_family_avg"
54,"White-spotted spinefoot_262","taxon_group_avg"
61,"Atlantic bluefin tuna_263","water_body"
61,"Carpet shells nei_264","family_avg"
61,"European eel_265","global_species"
61,"European seabass_266","water_body"
61,"Flathead grey mullet_267","taxon_group_avg"
61,"Gilthead seabream_268","water_body"
61,"Mediterranean mussel_269","global_species"
61,"Pacific cupped oyster_270","global_species"
61,"Thinlip grey mullet_271","taxon_group_avg"
62,"Clams, etc. nei_272","family_avg"
62,"European eel_273","global_species"
62,"European flat oyster_274","global_species"
62,"European seabass_275","water_body"
62,"Gilthead seabream_276","water_body"
62,"Marine fishes nei_277","taxon_group_avg"
62,"Mediterranean mussel_278","global_species"
62,"Pacific cupped oyster_279","global_species"
62,"Penaeus shrimps nei_280","family_avg"
62,"Yesso scallop_281","global_species"
65,"Gasar cupped oyster_282","georegion_family_avg"
66,"Blue mussel_283","family_avg"
66,"Cupped oysters nei_284","region_family_avg"
66,"Gasar cupped oyster_285","region_family_avg"
66,"Pacific cupped oyster_286","global_species"
67,"European seabass_287","water_body"
67,"Gilthead seabream_288","water_body"
68,"Atlantic bluefin tuna_289","water_body"
68,"European seabass_290","water_body"
68,"Gilthead seabream_291","water_body"
68,"Marine fishes nei_292","taxon_group_avg"
70,"Rainbow trout_293","global_species"
71,"Mediterranean mussel_294","global_species"
72,"Mediterranean mussel_295","global_species"
73,"Aquatic invertebrates nei_296","global_avg"
73,"Atlantic salmon_297","global_species"
73,"Brown seaweeds_298","seaweed_score"
73,"Brown seaweeds_299","seaweed_score"
73,"Cupped oysters nei_300","family_avg"
73,"Cupped oysters nei_301","family_avg"
73,"Flatfishes nei_302","taxon_group_avg"
73,"Japanese sea cucumber_303","global_avg"
73,"Mediterranean mussel_304","global_species"
73,"Mullets nei_305","taxon_group_avg"
73,"Salmonoids nei_306","region_family_avg"
73,"Sea mussels nei_307","region_family_avg"
73,"Sea mussels nei_308","region_family_avg"
73,"Sea trout_310","family_avg"
73,"Sea urchins nei_311","global_avg"
73,"Yesso scallop_312","global_species"
75,"Baltic prawn_313","taxon_group_avg"
75,"European flounder_314","family_avg"
75,"Gobies nei_315","taxon_group_avg"
75,"Mediterranean mussel_316","global_species"
75,"Mullets nei_317","taxon_group_avg"
75,"Mullets nei_318","taxon_group_avg"
75,"So-iuy mullet_319","taxon_group_avg"
76,"Atlantic bluefin tuna_320","water_body"
76,"Atlantic salmon_321","global_species"
76,"Common dentex_322","region_family_avg"
76,"Common two-banded seabream_323","region_family_avg"
76,"European seabass_324","none"
76,"Gilthead seabream_325","none"
76,"Marine fishes nei_326","taxon_group_avg"
76,"Meagre_327","none"
76,"Mediterranean mussel_328","global_species"
76,"Natantian decapods nei_329","global_avg"
76,"Pink dentex_330","region_family_avg"
76,"Rainbow trout_331","global_species"
76,"Red porgy_332","region_family_avg"
76,"Shi drum_333","region_family_avg"
76,"Trouts nei_334","region_family_avg"
78,"Whiteleg shrimp_335","global_species"
79,"Barramundi(=Giant seaperch)_336","global_species"
79,"European seabass_337","water_body"
79,"European seabass_338","water_body"
79,"Gilthead seabream_339","water_body"
79,"Gilthead seabream_340","water_body"
79,"Marine fishes nei_341","taxon_group_avg"
79,"Marine fishes nei_342","taxon_group_avg"
79,"Red drum_343","georegion_family_avg"
79,"Red drum_344","georegion_family_avg"
79,"Seabasses nei_345","region_family_avg"
80,"Atlantic bluefin tuna_346","water_body"
80,"Clams, etc. nei_347","georegion_family_avg"
80,"Common pandora_348","region_family_avg"
80,"Common sole_349","georegion_family_avg"
80,"European eel_350","global_species"
80,"European eel_351","global_species"
80,"European flat oyster_352","global_species"
80,"European seabass_353","water_body"
80,"European seabass_354","water_body"
80,"Flathead grey mullet_355","taxon_group_avg"
80,"Flathead grey mullet_356","taxon_group_avg"
80,"Gilthead seabream_357","water_body"
80,"Gilthead seabream_358","water_body"
80,"Kuruma prawn_359","georegion_family_avg"
80,"Marine fishes nei_360","taxon_group_avg"
80,"Marine fishes nei_361","taxon_group_avg"
80,"Marine molluscs nei_362","taxon_group_avg"
80,"Meagre_363","water_body"
80,"Mediterranean mussel_364","global_species"
80,"Mediterranean shore crab_365","global_avg"
80,"Red porgy_366","region_family_avg"
80,"Sciaenas nei_367","region_family_avg"
80,"Sharpsnout seabream_368","region_family_avg"
80,"Shi drum_369","region_family_avg"
80,"White seabream_370","region_family_avg"
80,"White seabream_371","region_family_avg"
81,"Atlantic bluefin tuna_372","water_body"
81,"European seabass_373","water_body"
81,"Gilthead seabream_374","water_body"
81,"Indian white prawn_375","georegion_family_avg"
81,"Marbled spinefoot_376","taxon_group_avg"
81,"Meagre_377","water_body"
81,"Red porgy_378","region_family_avg"
81,"Sharpsnout seabream_379","region_family_avg"
82,"European seabass_380","water_body"
82,"Gilthead seabream_381","water_body"
82,"Kuruma prawn_382","georegion_family_avg"
82,"Mediterranean mussel_383","global_species"
84,"Caramote prawn_384","family_avg"
84,"Common sole_385","family_avg"
84,"European eel_386","global_species"
84,"European seabass_387","water_body"
84,"Gilthead seabream_388","water_body"
84,"Grooved carpet shell_389","family_avg"
84,"Meagre_390","water_body"
84,"Mediterranean mussel_391","global_species"
84,"Mullets nei_392","taxon_group_avg"
84,"Pacific cupped oyster_393","global_species"
84,"Penaeus shrimps nei_394","family_avg"
95,"Blue mussel_395","family_avg"
95,"Pacific cupped oyster_396","global_species"
101,"Blue mussel_397","region_family_avg"
101,"European flat oyster_398","global_species"
101,"Mediterranean mussel_399","global_species"
101,"Pacific cupped oyster_400","global_species"
101,"Perlemoen abalone_401","family_avg"
102,"Giant tiger prawn_402","global_species"
102,"Indian white prawn_403","region_family_avg"
102,"Japanese meagre_404","family_avg"
102,"Kuruma prawn_405","region_family_avg"
102,"Mediterranean mussel_406","global_species"
102,"Mullets nei_407","taxon_group_avg"
102,"Pacific cupped oyster_408","global_species"
102,"Perlemoen abalone_409","family_avg"
102,"Red bait_410","global_avg"
102,"Sea lettuces nei_411","seaweed_score"
102,"Sea mussels nei_412","region_family_avg"
102,"Smooth mactra_413","taxon_group_avg"
102,"Turbot_414","global_species"
106,"Giant tiger prawn_415","global_species"
110,"Caribbean spiny lobster_416","global_avg"
110,"Cobia_417","global_species"
110,"Whiteleg shrimp_418","global_species"
111,"Queen conch_419","taxon_group_avg"
112,"Cupped oysters nei_420","family_avg"
112,"Seabasses nei_421","taxon_group_avg"
112,"Southern white shrimp_422","region_family_avg"
112,"Tropical spiny lobsters nei_423","global_avg"
112,"Whiteleg shrimp_424","global_species"
115,"Cobia_425","global_species"
115,"European seabass_426","global_species"
115,"Florida pompano_427","global_species"
115,"Gilthead seabream_428","global_species"
115,"Mullets nei_429","taxon_group_avg"
115,"Penaeus shrimps nei_430","region_family_avg"
115,"Whiteleg shrimp_431","global_species"
116,"Cobia_432","global_species"
116,"Penaeus shrimps nei_433","georegion_family_avg"
117,"Caribbean spiny lobster_434","global_avg"
129,"Blue shrimp_435","region_family_avg"
129,"Cobia_436","none"
129,"Florida pompano_437","global_species"
129,"Whiteleg shrimp_438","global_species"
130,"Pacific cupped oyster_439","global_species"
130,"Snappers nei_440","taxon_group_avg"
130,"Whiteleg shrimp_441","global_species"
131,"Blue shrimp_442","region_family_avg"
131,"Whiteleg shrimp_443","none"
132,"Cobia_444","global_species"
132,"Whiteleg shrimp_445","global_species"
132,"Whiteleg shrimp_446","global_species"
133,"Whiteleg shrimp_447","none"
134,"blood cockle_448","family_avg"
134,"Blue shrimp_449","region_family_avg"
134,"Clams, etc. nei_450","family_avg"
134,"Cupped oysters nei_451","georegion_family_avg"
134,"Marine fishes nei_452","taxon_group_avg"
134,"Whiteleg shrimp_453","global_species"
135,"Abalones nei_454","global_species"
135,"Bastard halibuts nei_455","taxon_group_avg"
135,"Clams, etc. nei_456","family_avg"
135,"Cortez oyster_457","region_family_avg"
135,"Cortez oyster_458","region_family_avg"
135,"Crevalle jack_459","georegion_family_avg"
135,"Cupped oysters nei_460","region_family_avg"
135,"Jacks, crevalles nei_461","georegion_family_avg"
135,"Marine fishes nei_462","taxon_group_avg"
135,"Pacific bluefin tuna_463","none"
135,"Pacific calico scallop_464","global_species"
135,"Pacific cupped oyster_465","global_species"
135,"Red abalone_466","region_family_avg"
135,"Red drum_467","family_avg"
135,"Sea mussels nei_468","family_avg"
135,"Seabasses nei_469","taxon_group_avg"
135,"Snappers nei_470","taxon_group_avg"
135,"Whiteleg shrimp_471","none"
135,"Whiteleg shrimp_472","none"
135,"Whiteleg shrimp_473","none"
135,"Yellowfin tuna_476","region_family_avg"
136,"Penaeus shrimps nei_477","region_family_avg"
136,"Sea mussels nei_478","family_avg"
136,"Whiteleg shrimp_479","global_species"
137,"Blue shrimp_480","region_family_avg"
137,"Pacific cupped oyster_481","global_species"
137,"Red drum_482","family_avg"
137,"Whiteleg shrimp_483","none"
138,"False abalone_484","family_avg"
138,"Flatfishes nei_485","taxon_group_avg"
138,"Pacific cupped oyster_486","global_species"
138,"Scallops nei_487","family_avg"
138,"Whiteleg shrimp_488","global_species"
139,"South American rock mussel_489","georegion_family_avg"
139,"Whiteleg shrimp_490","global_species"
140,"Cobia_491","global_species"
140,"Red drum_492","family_avg"
141,"Atlantic salmon_493","none"
141,"Rainbow trout_494","global_species"
143,"Abalones nei_495","global_species"
143,"Arctic char_496","none"
143,"Atlantic cod_497","global_species"
143,"Atlantic halibut_498","global_species"
143,"Atlantic salmon_499","global_species"
143,"Atlantic salmon_500","global_species"
143,"Blue mussel_501","family_avg"
143,"European seabass_502","global_species"
143,"Haddock_503","taxon_group_avg"
143,"Rainbow trout_504","global_species"
143,"Senegalese sole_505","family_avg"
143,"Turbot_506","global_species"
147,"Barramundi(=Giant seaperch)_507","global_species"
147,"Barramundi(=Giant seaperch)_508","global_species"
147,"Blacklip pearl oyster_509","taxon_group_avg"
147,"Blue shrimp_510","family_avg"
147,"Marine fishes nei_511","taxon_group_avg"
147,"Pearl oyster shells nei_512","taxon_group_avg"
147,"Sea mussels nei_513","family_avg"
147,"Sixfinger threadfin_514","taxon_group_avg"
153,"Clams, etc. nei_515","family_avg"
153,"Pacific asaphis_516","family_avg"
153,"Rough turban_517","taxon_group_avg"
155,"Elongate giant clam_518","family_avg"
155,"Fluted giant clam_519","family_avg"
155,"Giant clam_520","family_avg"
155,"Milkfish_521","taxon_group_avg"
155,"Mozuku_522","seaweed_score"
155,"Smooth giant clam_523","family_avg"
162,"Chinook(=Spring=King) salmon_524","georegion_family_avg"
162,"New Zealand mussel_525","global_species"
162,"Pacific cupped oyster_526","global_species"
162,"Rainbow abalone_527","georegion_family_avg"
163,"Abalones nei_528","global_species"
163,"Atlantic salmon_529","none"
163,"Blue crab_530","global_avg"
163,"Blue mussel_531","family_avg"
163,"Butter clam_532","family_avg"
163,"Chinook(=Spring=King) salmon_533","region_family_avg"
163,"Clams, etc. nei_534","region_family_avg"
163,"Cockles nei_535","family_avg"
163,"Coho(=Silver) salmon_536","global_species"
163,"Cupped oysters nei_537","region_family_avg"
163,"European flat oyster_539","global_species"
163,"Flat oysters nei_540","region_family_avg"
163,"Japanese carpet shell_541","global_species"
163,"Longfin yellowtail_542","none"
163,"Marine fishes nei_543","taxon_group_avg"
163,"Northern quahog(=Hard clam)_544","region_family_avg"
163,"Olympia oyster_545","global_species"
163,"Pacific cupped oyster_546","global_species"
163,"Pacific geoduck_547","none"
163,"Pacific horse clam_548","taxon_group_avg"
163,"Pacific littleneck clam_549","region_family_avg"
163,"Rainbow trout_550","none"
163,"Red drum_551","none"
163,"Sand gaper_552","global_species"
163,"Whiteleg shrimp_553","none"
164,"Cobia_554","global_species"
164,"Whiteleg shrimp_555","global_species"
166,"Cupped oysters nei_556","family_avg"
166,"Whiteleg shrimp_557","global_species"
167,"Flathead grey mullet_558","taxon_group_avg"
167,"Lebranche mullet_559","taxon_group_avg"
167,"Penaeus shrimps nei_560","georegion_family_avg"
167,"Whitemouth croaker_561","family_avg"
168,"Whiteleg shrimp_562","global_species"
171,"Cupped oysters nei_563","georegion_family_avg"
171,"Groupers nei_564","taxon_group_avg"
171,"Marine fishes nei_565","taxon_group_avg"
171,"Marine molluscs nei_566","taxon_group_avg"
171,"Mullets nei_567","taxon_group_avg"
171,"Pacific lion's paw_568","family_avg"
171,"Scallops nei_569","family_avg"
171,"Snooks(=Robalos) nei_570","taxon_group_avg"
171,"South American rock mussel_571","georegion_family_avg"
171,"Whiteleg shrimp_572","global_species"
172,"Blue mussel_573","georegion_family_avg"
172,"Pacific cupped oyster_574","global_species"
172,"Rainbow trout_575","global_species"
173,"Penaeus shrimps nei_576","georegion_family_avg"
174,"Atlantic salmon_577","global_species"
174,"European whitefish_578","region_family_avg"
174,"Rainbow trout_579","global_species"
174,"Sea trout_580","family_avg"
175,"Blue mussel_581","family_avg"
175,"Brown seaweeds_582","seaweed_score"
175,"Clams, etc. nei_583","georegion_family_avg"
175,"European eel_584","global_species"
175,"Rainbow trout_585","global_species"
175,"Rainbow trout_586","global_species"
175,"Sea trout_587","family_avg"
175,"Turbot_588","global_species"
176,"Blue mussel_589","georegion_family_avg"
176,"European seabass_590","global_species"
176,"Pacific cupped oyster_591","global_species"
176,"Rainbow trout_592","global_species"
176,"Turbot_593","global_species"
177,"Aquatic invertebrates nei_594","global_avg"
177,"Blue mussel_595","georegion_family_avg"
177,"Cupped oysters nei_596","region_family_avg"
177,"European flat oyster_597","global_species"
177,"Soles nei_598","taxon_group_avg"
177,"Turbot_599","global_species"
177,"Yellowtail amberjack_600","global_species"
179,"Atlantic salmon_601","global_species"
179,"Blue mussel_602","region_family_avg"
179,"Brown seaweeds_604","seaweed_score"
179,"Clams, etc. nei_605","region_family_avg"
179,"Coho(=Silver) salmon_607","global_species"
179,"Common edible cockle_608","global_species"
179,"European eel_610","global_species"
179,"European flat oyster_611","global_species"
179,"European seabass_613","water_body"
179,"European seabass_614","water_body"
179,"European seabass_615","water_body"
179,"Finfishes nei_616","taxon_group_avg"
179,"Gilthead seabream_617","water_body"
179,"Gilthead seabream_618","water_body"
179,"Great Atlantic scallop_619","family_avg"
179,"Grooved carpet shell_620","region_family_avg"
179,"Japanese carpet shell_621","global_species"
179,"Kuruma prawn_623","family_avg"
179,"Marine fishes nei_624","taxon_group_avg"
179,"Marine molluscs nei_625","taxon_group_avg"
179,"Meagre_626","water_body"
179,"Mediterranean mussel_627","global_species"
179,"Mediterranean mussel_628","global_species"
179,"Pacific cupped oyster_629","global_species"
179,"Periwinkles nei_631","taxon_group_avg"
179,"Rainbow trout_632","global_species"
179,"Sea trout_633","region_family_avg"
179,"Seaweeds nei_634","seaweed_score"
179,"Senegalese sole_635","family_avg"
179,"Tuberculate abalone_636","family_avg"
179,"Turbot_637","global_species"
179,"Wakame nei_638","seaweed_score"
179,"White seabream_639","region_family_avg"
180,"Atlantic cod_640","global_species"
180,"Atlantic halibut_641","global_species"
180,"Atlantic salmon_642","none"
180,"Blue mussel_643","family_avg"
180,"Common edible cockle_644","global_species"
180,"Cupped oysters nei_645","region_family_avg"
180,"European flat oyster_646","global_species"
180,"European seabass_647","global_species"
180,"Great Atlantic scallop_648","region_family_avg"
180,"Grooved carpet shell_649","region_family_avg"
180,"Japanese carpet shell_650","global_species"
180,"Northern quahog(=Hard clam)_651","region_family_avg"
180,"Pacific cupped oyster_652","global_species"
180,"Queen scallop_653","global_species"
180,"Rainbow trout_654","global_species"
180,"Rainbow trout_655","global_species"
180,"Sea mussels nei_656","family_avg"
180,"Sea trout_657","family_avg"
180,"Turbot_658","global_species"
181,"Abalones nei_659","global_species"
181,"Aquatic invertebrates nei_660","global_avg"
181,"Atlantic salmon_661","global_species"
181,"Babberlocks_662","seaweed_score"
181,"Blue mussel_663","family_avg"
181,"European flat oyster_664","global_species"
181,"Great Atlantic scallop_665","georegion_family_avg"
181,"Japanese carpet shell_666","global_species"
181,"Pacific cupped oyster_667","global_species"
181,"Rainbow trout_668","global_species"
181,"Sea urchins nei_669","global_avg"
181,"Turbot_670","global_species"
182,"Aquatic invertebrates nei_671","global_avg"
182,"Atlantic bluefin tuna_672","water_body"
182,"Atlantic ditch shrimp_673","taxon_group_avg"
182,"Atlantic salmon_674","global_species"
182,"Banded carpet shell_675","region_family_avg"
182,"Blackspot(=red) seabream_676","region_family_avg"
182,"Caramote prawn_677","region_family_avg"
182,"Clams, etc. nei_678","taxon_group_avg"
182,"Common edible cockle_679","global_species"
182,"Common edible cockle_680","global_species"
182,"Common prawn_682","taxon_group_avg"
182,"Common sole_683","georegion_family_avg"
182,"Common sole_684","georegion_family_avg"
182,"Cupped oysters nei_685","region_family_avg"
182,"Cupped oysters nei_686","region_family_avg"
182,"European eel_687","global_species"
182,"European eel_688","global_species"
182,"European flat oyster_689","global_species"
182,"European flat oyster_690","global_species"
182,"European seabass_692","water_body"
182,"European seabass_693","water_body"
182,"European seabass_694","water_body"
182,"Gastropods nei_696","taxon_group_avg"
182,"Gilthead seabream_697","water_body"
182,"Gilthead seabream_698","water_body"
182,"Gilthead seabream_699","water_body"
182,"Gilthead seabream_700","water_body"
182,"Great Atlantic scallop_701","region_family_avg"
182,"Greater amberjack_702","global_species"
182,"Green crab_703","global_avg"
182,"Grooved carpet shell_704","region_family_avg"
182,"Grooved carpet shell_705","region_family_avg"
182,"Groundfishes nei_707","taxon_group_avg"
182,"Japanese carpet shell_708","global_species"
182,"Japanese carpet shell_709","global_species"
182,"Kuruma prawn_711","region_family_avg"
182,"Kuruma prawn_712","region_family_avg"
182,"Marine fishes nei_713","taxon_group_avg"
182,"Marine molluscs nei_714","taxon_group_avg"
182,"Meagre_716","water_body"
182,"Meagre_717","water_body"
182,"Meagre_718","water_body"
182,"Meagre_719","water_body"
182,"Mullets nei_720","taxon_group_avg"
182,"Mullets nei_721","taxon_group_avg"
182,"Octopuses nei_722","global_avg"
182,"Pacific cupped oyster_723","global_species"
182,"Pacific cupped oyster_724","global_species"
182,"Palaemonid shrimps nei_726","taxon_group_avg"
182,"Palaemonid shrimps nei_727","taxon_group_avg"
182,"Pod razor shell_728","taxon_group_avg"
182,"Pollack_729","family_avg"
182,"Pullet carpet shell_730","region_family_avg"
182,"Pullet carpet shell_731","region_family_avg"
182,"Queen scallop_732","global_species"
182,"Sea mussels nei_733","georegion_family_avg"
182,"Seabasses nei_735","taxon_group_avg"
182,"Seabasses nei_735","region_family_avg"
182,"Seabasses nei_737","taxon_group_avg"
182,"Seaweeds nei_738","seaweed_score"
182,"Senegalese sole_739","georegion_family_avg"
182,"Senegalese sole_740","georegion_family_avg"
182,"Senegalese sole_741","georegion_family_avg"
182,"Silversides(=Sand smelts) nei_742","taxon_group_avg"
182,"Soles nei_743","taxon_group_avg"
182,"Soles nei_744","taxon_group_avg"
182,"Turbot_745","global_species"
182,"Variegated scallop_746","region_family_avg"
182,"Warty venus_748","region_family_avg"
182,"White seabream_749","region_family_avg"
182,"Whiteleg shrimp_750","global_species"
183,"[Solea spp]_751","global_species"
183,"Atlantic bluefin tuna_752","georegion_family_avg"
183,"Atlantic ditch shrimp_753","taxon_group_avg"
183,"Atlantic salmon_754","global_species"
183,"Clams, etc. nei_755","region_family_avg"
183,"Common cuttlefish_756","global_avg"
183,"Common edible cockle_757","global_species"
183,"Common sole_758","region_family_avg"
183,"European eel_759","global_species"
183,"European flat oyster_760","global_species"
183,"European seabass_761","global_species"
183,"European seabass_762","global_species"
183,"Flat and cupped oysters nei_763","region_family_avg"
183,"Gilthead seabream_764","global_species"
183,"Gilthead seabream_765","global_species"
183,"Golden carpet shell_766","georegion_family_avg"
183,"Grooved carpet shell_767","georegion_family_avg"
183,"Marine fishes nei_768","taxon_group_avg"
183,"Marine molluscs nei_769","taxon_group_avg"
183,"Meagre_770","global_species"
183,"Mullets nei_771","taxon_group_avg"
183,"Pacific cupped oyster_772","global_species"
183,"Peppery furrow_773","taxon_group_avg"
183,"Pullet carpet shell_774","georegion_family_avg"
183,"Sargo breams nei_775","region_family_avg"
183,"Sea mussels nei_776","georegion_family_avg"
183,"Seabasses nei_777","taxon_group_avg"
183,"Turbot_778","global_species"
183,"White seabream_779","region_family_avg"
184,"Atlantic bluefin tuna_780","water_body"
184,"Common prawn_781","taxon_group_avg"
184,"Common sole_782","georegion_family_avg"
184,"Cupped oysters nei_783","region_family_avg"
184,"Cupped oysters nei_784","region_family_avg"
184,"European eel_785","global_species"
184,"European eel_786","global_species"
184,"European flat oyster_787","global_species"
184,"European seabass_788","water_body"
184,"European seabass_789","water_body"
184,"Flathead grey mullet_790","taxon_group_avg"
184,"Flathead grey mullet_791","taxon_group_avg"
184,"Giant tiger prawn_792","global_species"
184,"Gilthead seabream_793","water_body"
184,"Gilthead seabream_794","water_body"
184,"Grooved carpet shell_795","region_family_avg"
184,"Japanese carpet shell_796","global_species"
184,"Japanese carpet shell_797","global_species"
184,"Kuruma prawn_798","region_family_avg"
184,"Kuruma prawn_799","region_family_avg"
184,"Marine fishes nei_800","taxon_group_avg"
184,"Meagre_801","water_body"
184,"Meagre_802","water_body"
184,"Mediterranean mussel_803","global_species"
184,"Mediterranean mussel_804","global_species"
184,"Mullets nei_805","taxon_group_avg"
184,"Pacific cupped oyster_806","global_species"
184,"Porgies, seabreams nei_807","region_family_avg"
184,"Porgies, seabreams nei_808","region_family_avg"
184,"Sharpsnout seabream_809","region_family_avg"
184,"Shi drum_810","region_family_avg"
184,"White seabream_811","region_family_avg"
186,"European eel_812","global_species"
186,"European flat oyster_813","global_species"
186,"European seabass_814","water_body"
186,"Gilthead seabream_815","water_body"
186,"Mediterranean mussel_816","global_species"
187,"Atlantic bluefin tuna_817","water_body"
187,"Common dentex_818","region_family_avg"
187,"European flat oyster_819","global_species"
187,"European seabass_820","water_body"
187,"Gilthead seabream_821","water_body"
187,"Great Mediterranean scallop_822","georegion_family_avg"
187,"Marine fishes nei_823","taxon_group_avg"
187,"Meagre_824","water_body"
187,"Mediterranean mussel_825","global_species"
188,"Clams, etc. nei_826","georegion_family_avg"
188,"European seabass_827","water_body"
188,"Gilthead seabream_828","water_body"
188,"Mediterranean mussel_829","global_species"
191,"Indian white prawn_830","region_family_avg"
191,"Marine fishes nei_831","taxon_group_avg"
191,"Whiteleg shrimp_832","global_species"
196,"Mullets nei_833","taxon_group_avg"
196,"Snappers nei_834","taxon_group_avg"
202,"Giant tiger prawn_835","global_species"
202,"Indo-Pacific swamp crab_836","global_avg"
202,"Milkfish_837","taxon_group_avg"
203,"Giant tiger prawn_838","none"
203,"Green mussel_839","family_avg"
203,"Indian backwater oyster_840","family_avg"
203,"Indian white prawn_841","region_family_avg"
203,"Marine fishes nei_842","taxon_group_avg"
203,"Whiteleg shrimp_843","none"
204,"Giant tiger prawn_844","none"
204,"Indian white prawn_845","region_family_avg"
204,"Marine fishes nei_846","taxon_group_avg"
204,"Penaeus shrimps nei_847","region_family_avg"
204,"Speckled shrimp_848","region_family_avg"
205,"Aquatic invertebrates nei_849","global_avg"
205,"Barramundi(=Giant seaperch)_850","global_species"
205,"Giant tiger prawn_851","none"
205,"Groupers nei_852","taxon_group_avg"
205,"Indo-Pacific swamp crab_853","global_avg"
205,"Orange mud crab_854","global_avg"
206,"Banana prawn_855","region_family_avg"
206,"Barramundi(=Giant seaperch)_857","global_species"
206,"Barramundi(=Giant seaperch)_858","global_species"
206,"Blood cockle_859","global_species"
206,"Broad geloina_861","region_family_avg"
206,"Cupped oysters nei_862","georegion_family_avg"
206,"Fourfinger threadfin_864","taxon_group_avg"
206,"Giant tiger prawn_865","none"
206,"Green mussel_867","georegion_family_avg"
206,"Groupers nei_869","taxon_group_avg"
206,"Groupers nei_871","taxon_group_avg"
206,"Indo-Pacific swamp crab_873","global_avg"
206,"John's snapper_875","taxon_group_avg"
206,"Marine fishes nei_877","taxon_group_avg"
206,"Milkfish_879","taxon_group_avg"
206,"Snappers nei_880","taxon_group_avg"
206,"Snappers nei_882","taxon_group_avg"
206,"Snubnose pompano_883","global_species"
206,"Tropical spiny lobsters nei_884","global_avg"
206,"Whiteleg shrimp_885","none"
207,"Banana prawn_887","region_family_avg"
207,"Cobia_888","global_species"
207,"Giant tiger prawn_889","none"
207,"Indian white prawn_890","region_family_avg"
207,"Indo-Pacific swamp crab_891","global_avg"
207,"Marine fishes nei_892","taxon_group_avg"
207,"Marine fishes nei_893","taxon_group_avg"
207,"Marine molluscs nei_894","taxon_group_avg"
207,"Metapenaeus shrimps nei_895","region_family_avg"
207,"Tropical spiny lobsters nei_896","global_avg"
207,"Whiteleg shrimp_897","none"
208,"Banana prawn_898","region_family_avg"
208,"Banana prawn_899","region_family_avg"
208,"Barramundi(=Giant seaperch)_900","global_species"
208,"Barramundi(=Giant seaperch)_901","global_species"
208,"Blue swimming crab_902","global_avg"
208,"Blue swimming crab_903","global_avg"
208,"Cobia_904","global_species"
208,"Flathead grey mullet_905","taxon_group_avg"
208,"Fourfinger threadfin_906","taxon_group_avg"
208,"Giant tiger prawn_907","none"
208,"Giant tiger prawn_908","none"
208,"Golden trevally_909","region_family_avg"
208,"Green humphead parrotfish_910","taxon_group_avg"
208,"Green mussel_911","family_avg"
208,"Groupers nei_912","taxon_group_avg"
208,"Indo-Pacific swamp crab_913","global_avg"
208,"Indo-Pacific swamp crab_914","global_avg"
208,"John's snapper_915","taxon_group_avg"
208,"Marine fishes nei_916","taxon_group_avg"
208,"Milkfish_917","taxon_group_avg"
208,"Mud spiny lobster_918","global_avg"
208,"Mud spiny lobster_919","global_avg"
208,"Pacific cupped oyster_920","global_species"
208,"Penaeus shrimps nei_921","region_family_avg"
208,"Penaeus shrimps nei_922","region_family_avg"
208,"Snappers nei_923","taxon_group_avg"
208,"Snubnose pompano_924","global_species"
208,"White-spotted spinefoot_925","taxon_group_avg"
208,"Whiteleg shrimp_926","none"
209,"Abalones nei_927","global_species"
209,"Amberjacks nei_928","region_family_avg"
209,"Aquatic invertebrates nei_929","global_avg"
209,"Barramundi(=Giant seaperch)_930","global_species"
209,"Blood cockle_931","global_species"
209,"Brown seaweeds_932","seaweed_score"
209,"Cobia_933","global_species"
209,"Cupped oysters nei_934","georegion_family_avg"
209,"Dark green nori_935","seaweed_score"
209,"Fleshy prawn_936","region_family_avg"
209,"Fusiform sargassum_937","seaweed_score"
209,"Giant tiger prawn_938","global_species"
209,"Goldlined seabream_939","family_avg"
209,"Green mud crab_940","global_avg"
209,"Groupers nei_941","taxon_group_avg"
209,"Japanese carpet shell_942","global_species"
209,"Japanese kelp_943","seaweed_score"
209,"Japanese sea cucumber_944","global_avg"
209,"Jellyfishes nei_945","global_avg"
209,"Kuruma prawn_946","region_family_avg"
209,"Large yellow croaker_947","family_avg"
209,"Lefteye flounders nei_948","taxon_group_avg"
209,"Marine crabs nei_949","global_avg"
209,"Marine fishes nei_950","taxon_group_avg"
209,"Marine molluscs nei_952","taxon_group_avg"
209,"Nori nei_953","seaweed_score"
209,"Pearl oyster shells nei_954","taxon_group_avg"
209,"Pen shells nei_955","taxon_group_avg"
209,"Penaeus shrimps nei_956","region_family_avg"
209,"Pompano_957","region_family_avg"
209,"Porgies, seabreams nei_958","family_avg"
209,"Portunus swimcrabs nei_959","global_avg"
209,"Red drum_960","family_avg"
209,"Righteye flounders nei_961","family_avg"
209,"Scallops nei_962","georegion_family_avg"
209,"Sea mussels nei_963","family_avg"
209,"Sea snails_964","taxon_group_avg"
209,"Sea urchins nei_965","global_avg"
209,"Seabasses nei_966","taxon_group_avg"
209,"Snappers nei_967","taxon_group_avg"
209,"Snubnose pompano_968","global_species"
209,"Tiger pufferfish_969","taxon_group_avg"
209,"Turbot_970","global_species"
209,"Wakame_971","seaweed_score"
209,"Whiteleg shrimp_972","none"
210,"Aquatic invertebrates nei_973","global_avg"
210,"Bastard halibut_974","taxon_group_avg"
210,"Blackhead seabream_975","family_avg"
210,"Clams, etc. nei_976","georegion_family_avg"
210,"Coho(=Silver) salmon_977","global_species"
210,"Crimson seabream_978","family_avg"
210,"Filefishes nei_979","taxon_group_avg"
210,"Flathead grey mullet_980","taxon_group_avg"
210,"Gazami crab_981","global_avg"
210,"Japanese amberjack_982","none"
210,"Japanese jack mackerel_983","region_family_avg"
210,"Japanese kelp_984","seaweed_score"
210,"Kuruma prawn_985","georegion_family_avg"
210,"Laver (Nori)_986","seaweed_score"
210,"Marine crustaceans nei_987","global_avg"
210,"Marine fishes nei_988","taxon_group_avg"
210,"Octopuses, etc. nei_989","global_avg"
210,"Pacific bluefin tuna_990","none"
210,"Pacific cupped oyster_991","global_species"
210,"Pearl oyster shells nei_992","taxon_group_avg"
210,"Red oyas_993","global_avg"
210,"Seaweeds nei_994","seaweed_score"
210,"Spiny lobsters nei_995","global_avg"
210,"Tiger pufferfish_996","taxon_group_avg"
210,"Wakame_997","seaweed_score"
210,"White trevally_998","region_family_avg"
210,"Yesso scallop_999","global_species"
212,"Milkfish_1000","taxon_group_avg"
214,"European seabass_1001","none"
214,"Gilthead seabream_1002","none"
214,"Marine fishes nei_1003","taxon_group_avg"
214,"Meagre_1004","none"
214,"Mullets nei_1005","taxon_group_avg"
214,"Penaeus shrimps nei_1006","family_avg"
216,"Akiami paste shrimp_1007","taxon_group_avg"
216,"Banana prawn_1008","region_family_avg"
216,"Barramundi(=Giant seaperch)_1009","global_species"
216,"Barramundi(=Giant seaperch)_1010","global_species"
216,"Giant tiger prawn_1011","none"
216,"Groupers nei_1012","taxon_group_avg"
216,"Groupers nei_1013","taxon_group_avg"
216,"Indo-Pacific swamp crab_1014","global_avg"
216,"Marine fishes nei_1015","taxon_group_avg"
216,"Metapenaeus shrimps nei_1016","region_family_avg"
216,"Milkfish_1017","taxon_group_avg"
216,"Milkfish_1018","taxon_group_avg"
216,"Mullets nei_1019","taxon_group_avg"
216,"Penguin wing oyster_1020","taxon_group_avg"
216,"Portunus swimcrabs nei_1021","global_avg"
216,"Sea cucumbers nei_1022","global_avg"
216,"Tropical spiny lobsters nei_1023","global_avg"
216,"Whiteleg shrimp_1024","none"
218,"Atlantic cod_1025","global_species"
218,"Atlantic salmon_1026","none"
218,"Blue mussel_1028","family_avg"
218,"Butter clam_1030","family_avg"
218,"Chinook(=Spring=King) salmon_1031","region_family_avg"
218,"Coho(=Silver) salmon_1032","global_species"
218,"Cupped oysters nei_1033","region_family_avg"
218,"Japanese carpet shell_1034","global_species"
218,"Marine molluscs nei_1035","taxon_group_avg"
218,"Marine molluscs nei_1036","taxon_group_avg"
218,"Pacific cupped oyster_1037","global_species"
218,"Rainbow trout_1038","none"
218,"Salmonids nei_1039","region_family_avg"
218,"Scallops nei_1040","family_avg"
219,"Sea mussels nei_1042","family_avg"
222,"Atlantic salmon_1043","global_species"
222,"Blue mussel_1044","family_avg"
222,"Rainbow trout_1045","global_species"
223,"Arctic char_1046","global_species"
223,"Atlantic cod_1047","global_species"
223,"Atlantic halibut_1048","global_species"
223,"Atlantic salmon_1049","none"
223,"Babberlocks_1050","seaweed_score"
223,"Blue mussel_1051","family_avg"
223,"Chars nei_1052","taxon_group_avg"
223,"European flat oyster_1053","global_species"
223,"Finfishes nei_1054","taxon_group_avg"
223,"Great Atlantic scallop_1055","georegion_family_avg"
223,"Marine crustaceans nei_1056","global_avg"
223,"Rainbow trout_1057","global_species"
223,"Scallops nei_1058","georegion_family_avg"
224,"Atlantic salmon_1059","none"
224,"Chilean mussel_1060","global_species"
224,"Chinook(=Spring=King) salmon_1061","region_family_avg"
224,"Cholga mussel_1062","region_family_avg"
224,"Choro mussel_1063","region_family_avg"
224,"Coho(=Silver) salmon_1064","none"
224,"Flat oysters nei_1065","taxon_group_avg"
224,"Japanese abalone_1066","family_avg"
224,"Pacific cupped oyster_1067","global_species"
224,"Rainbow trout_1068","none"
224,"Red abalone_1069","family_avg"
224,"Scallops nei_1070","family_avg"
224,"Turbot_1071","global_species"
231,"Milkfish_1072","taxon_group_avg"
231,"Penaeus shrimps nei_1073","georegion_family_avg"
232,"Common dentex_1074","region_family_avg"
232,"European flat oyster_1075","global_species"
232,"European seabass_1076","water_body"
232,"Gilthead seabream_1077","water_body"
232,"Mediterranean mussel_1078","global_species"
244,"Stromboid conchs nei_1079","taxon_group_avg"
245,"Stromboid conchs nei_1080","taxon_group_avg"
247,"Barramundi(=Giant seaperch)_1081","global_species"
247,"Blue shrimp_1082","region_family_avg"
247,"Giant tiger prawn_1083","none"
247,"Groupers nei_1084","taxon_group_avg"
247,"Indo-Pacific swamp crab_1085","global_avg"
247,"Jacks, crevalles nei_1086","georegion_family_avg"
247,"Marine fishes nei_1087","taxon_group_avg"
247,"Snappers nei_1088","taxon_group_avg"
250,"Stromboid conchs nei_1089","taxon_group_avg"
